Date_Sold,SKU,Transaction_Number,Price_bought,Price_sold
2022-10-12,142,1191,1578,1578
2022-06-23,183,1856,1328,1328
2022-05-11,221,1983,963,963
2022-08-11,227,1024,164,164
2022-01-23,131,1171,562,562
2022-05-27,136,1097,1300,1300
2022-07-08,118,903,1246,1246
2022-07-25,232,349,1481,1481
2022-10-04,122,1422,919,919
2022-08-28,240,651,607,607
2022-11-21,211,1833,938,938
2022-10-28,226,1431,1559,1559
2022-08-24,215,847,842,842
2022-03-07,194,1756,924,924
2022-06-18,134,349,769,769
2022-03-28,165,1041,211,211
2022-09-15,103,115,1121,1121
2022-10-27,128,864,1375,1375
2022-05-20,207,1855,238,238
2022-08-30,249,1249,1791,1791
2022-09-09,147,645,896,896
2022-11-28,135,1580,968,968
2022-08-27,204,773,1250,1250
2022-02-27,204,1746,1250,1250
2022-01-28,195,1091,425,425
2022-10-19,129,1408,1414,1414
2022-06-24,151,337,1784,1784
2022-05-15,218,475,172,172
2022-10-07,217,383,1213,1213
2022-08-22,204,854,1250,1250
2022-09-10,234,1609,1117,1117
2022-04-03,121,1739,667,667
2022-10-18,216,186,1757,1757
2022-11-04,165,398,211,211
2022-07-23,105,1890,1462,1462
2022-10-07,183,1443,1328,1328
2022-10-06,208,1940,715,715
2022-01-26,176,648,1357,1357
2022-10-08,102,863,671,671
2022-08-23,246,1036,768,768
2022-10-16,230,664,1715,1715
2022-11-25,119,708,75,75
2022-12-13,118,1666,1246,1246
2022-05-02,133,1595,685,685
2022-02-03,210,1539,1028,1028
2022-03-01,250,1984,538,538
2022-08-09,218,1467,172,172
2022-08-17,224,453,1753,1753
2022-10-15,218,1044,172,172
2022-10-30,130,1627,851,851
2022-07-19,126,88,1809,1809
2022-11-09,118,1813,1246,1246
2022-04-05,198,918,1055,1055
2022-11-10,194,1310,924,924
2022-11-08,101,565,456,456
2022-03-04,212,82,973,973
2022-12-19,199,1437,453,453
2022-01-26,103,1023,1121,1121
2022-11-21,128,343,1375,1375
2022-01-03,244,330,243,243
2022-10-21,248,251,1619,1619
2022-05-17,168,234,1780,1780
2022-03-29,174,1658,1983,1983
2022-11-14,134,1942,769,769
2022-02-24,249,1446,1791,1791
2022-01-07,113,1418,686,686
2022-08-20,172,149,211,211
2022-09-16,119,304,75,75
2022-12-09,230,1271,1715,1715
2022-10-28,240,1019,607,607
2022-02-06,134,854,769,769
2022-12-28,179,1872,977,977
2022-06-09,246,182,768,768
2022-12-22,246,832,768,768
2022-02-13,148,1659,102,102
2022-05-14,211,845,938,938
2022-04-10,243,1298,822,822
2022-10-16,199,997,453,453
2022-09-24,174,380,1983,1983
2022-11-01,185,818,1839,1839
2022-10-13,114,281,983,983
2022-09-19,183,1060,1328,1328
2022-03-22,169,654,1017,1017
2022-02-12,182,577,942,942
2022-05-15,154,1755,1655,1655
2022-11-27,109,561,548,548
2022-02-03,139,690,1114,1114
2022-12-05,221,284,963,963
2022-11-07,123,1398,598,598
2022-07-26,184,1331,1258,1258
2022-01-23,180,1791,802,802
2022-12-15,133,1935,685,685
2022-08-15,236,876,1782,1782
2022-08-01,176,1806,1357,1357
2022-10-23,103,1478,1121,1121
2022-01-31,128,350,1375,1375
2022-07-17,234,1657,1117,1117
2022-07-30,141,801,235,235
2022-06-04,129,1153,1414,1414
2022-02-20,141,396,235,235
2022-07-23,102,1845,671,671
2022-11-21,122,1535,919,919
2022-07-05,163,692,292,292
2022-09-25,118,1939,1246,1246
2022-04-08,137,1837,495,495
2022-01-31,154,1334,1655,1655
2022-09-03,213,1258,1991,1991
2022-08-04,120,1608,849,849
2022-11-25,232,1256,1481,1481
2022-02-23,225,882,518,518
2022-12-26,160,681,939,939
2022-12-10,213,1708,1991,1991
2022-12-18,151,557,1784,1784
2022-08-31,236,1679,1782,1782
2022-05-26,210,1106,1028,1028
2022-06-25,123,1576,598,598
2022-03-15,204,1173,1250,1250
2022-10-05,225,209,518,518
2022-03-27,106,639,1726,1726
2022-03-13,128,435,1375,1375
2022-03-07,163,491,292,292
2022-05-18,127,744,1447,1447
2022-06-05,204,1432,1250,1250
2022-01-03,135,450,968,968
2022-04-02,232,498,1481,1481
2022-08-25,232,632,1481,1481
2022-08-27,228,1222,1420,1420
2022-04-28,132,1960,1682,1682
2022-12-28,237,1289,1755,1755
2022-03-03,237,920,1755,1755
2022-06-27,124,833,1296,1296
2022-10-17,131,1101,562,562
2022-04-09,217,348,1213,1213
2022-03-25,217,602,1213,1213
2022-10-25,196,1759,739,739
2022-01-02,194,901,924,924
2022-09-30,144,382,92,92
2022-09-02,224,820,1753,1753
2022-07-23,141,1709,235,235
2022-12-07,194,1295,924,924
2022-11-17,210,1548,1028,1028
2022-08-17,230,503,1715,1715
2022-06-25,137,939,495,495
2022-01-12,171,739,289,289
2022-04-14,103,1089,1121,1121
2022-06-29,133,743,685,685
2022-08-04,107,1796,1085,1085
2022-04-01,207,1513,238,238
2022-07-26,222,683,1098,1098
2022-02-22,181,1463,251,251
2022-01-11,118,1059,1246,1246
2022-05-31,146,725,1026,1026
2022-10-02,107,1537,1085,1085
2022-04-04,105,427,1462,1462
2022-01-12,120,1877,849,849
2022-11-23,246,1923,768,768
2022-11-06,162,859,1488,1488
2022-10-15,119,655,75,75
2022-06-09,236,531,1782,1782
2022-06-30,129,1133,1414,1414
2022-12-21,209,354,1018,1018
2022-06-11,223,1731,1454,1454
2022-01-11,220,1193,595,595
2022-11-18,235,536,1262,1262
2022-04-12,124,1325,1296,1296
2022-12-17,241,1661,574,574
2022-04-14,238,789,1832,1832
2022-01-26,141,1556,235,235
2022-08-30,157,899,332,332
2022-08-07,212,1892,973,973
2022-02-05,116,1441,455,455
2022-05-16,178,911,246,246
2022-02-18,231,943,1719,1719
2022-04-05,217,1827,1213,1213
2022-12-01,195,291,425,425
2022-10-12,150,795,1915,1915
2022-12-07,207,204,238,238
2022-08-31,173,1969,1972,1972
2022-03-22,160,1530,939,939
2022-01-10,229,450,1879,1879
2022-05-02,166,987,1248,1248
2022-04-20,249,1420,1791,1791
2022-10-20,137,779,495,495
2022-05-26,120,1577,849,849
2022-12-21,237,1726,1755,1755
2022-11-08,103,1448,1121,1121
2022-06-19,246,836,768,768
2022-05-05,103,238,1121,1121
2022-02-18,219,422,335,335
2022-04-29,126,1386,1809,1809
2022-12-25,101,1580,456,456
2022-11-25,179,137,977,977
2022-06-28,189,423,1108,1108
2022-11-22,204,596,1250,1250
2022-01-05,229,757,1879,1879
2022-12-18,182,1744,942,942
2022-01-30,130,348,851,851
2022-07-18,185,295,1839,1839
2022-11-10,134,1243,769,769
2022-12-29,200,514,603,603
2022-02-06,214,837,724,724
2022-07-28,195,1372,425,425
2022-07-04,162,178,1488,1488
2022-09-24,206,275,732,732
2022-01-09,217,1385,1213,1213
2022-12-15,155,1784,902,902
2022-09-17,171,849,289,289
2022-06-02,109,1567,548,548
2022-01-23,215,1652,842,842
2022-06-25,156,599,69,69
2022-08-25,185,483,1839,1839
2022-11-24,127,335,1447,1447
2022-02-02,120,1099,849,849
2022-12-01,111,112,1909,1909
2022-04-18,166,280,1248,1248
2022-04-12,197,381,846,846
2022-09-06,134,159,769,769
2022-05-18,112,1529,85,85
2022-05-18,206,284,732,732
2022-03-20,120,1449,849,849
2022-09-08,151,894,1784,1784
2022-01-13,227,278,164,164
2022-04-06,202,285,720,720
2022-09-07,134,1165,769,769
2022-12-03,183,1105,1328,1328
2022-02-24,174,1201,1983,1983
2022-05-18,128,1023,1375,1375
2022-04-06,132,367,1682,1682
2022-08-10,185,1663,1839,1839
2022-02-06,240,1316,607,607
2022-10-10,174,1641,1983,1983
2022-10-09,239,642,1993,1993
2022-11-16,240,824,607,607
2022-02-25,205,661,999,999
2022-12-25,141,330,235,235
2022-09-30,218,318,172,172
2022-09-29,131,1885,562,562
2022-05-04,218,835,172,172
2022-01-28,213,108,1991,1991
2022-10-27,155,878,902,902
2022-01-26,181,1976,251,251
2022-10-07,191,1258,195,195
2022-09-13,124,126,1296,1296
2022-08-11,158,975,985,985
2022-05-21,100,693,1757,1757
2022-02-04,232,1235,1481,1481
2022-10-02,119,960,75,75
2022-02-15,246,1017,768,768
2022-01-13,177,844,1263,1263
2022-09-15,194,684,924,924
2022-01-31,190,1951,1392,1392
2022-03-24,140,1384,755,755
2022-01-21,165,718,211,211
2022-04-20,239,1387,1993,1993
2022-11-25,213,687,1991,1991
2022-07-24,104,801,163,163
2022-08-13,231,1324,1719,1719
2022-06-26,114,1412,983,983
2022-07-09,162,653,1488,1488
2022-08-04,115,99,909,909
2022-05-05,222,319,1098,1098
2022-08-11,205,235,999,999
2022-12-16,241,569,574,574
2022-01-07,136,1137,1300,1300
2022-05-26,141,171,235,235
2022-05-01,109,332,548,548
2022-05-07,248,720,1619,1619
2022-05-21,126,1540,1809,1809
2022-01-20,195,936,425,425
2022-04-03,245,768,158,158
2022-07-24,131,350,562,562
2022-04-05,200,1820,603,603
2022-11-30,215,1502,842,842
2022-01-06,222,1037,1098,1098
2022-10-16,217,303,1213,1213
2022-08-28,247,198,529,529
2022-02-09,143,1408,234,234
2022-12-22,233,1411,749,749
2022-02-10,148,873,102,102
2022-05-18,216,354,1757,1757
2022-12-03,122,1439,919,919
2022-11-22,199,102,453,453
2022-10-01,199,1154,453,453
2022-09-01,133,945,685,685
2022-01-16,111,1678,1909,1909
2022-05-21,180,1487,802,802
2022-03-09,166,549,1248,1248
2022-05-26,239,898,1993,1993
2022-02-11,157,506,332,332
2022-07-01,152,1368,1303,1303
2022-12-25,241,604,574,574
2022-05-18,205,865,999,999
2022-11-06,194,1467,924,924
2022-03-28,234,1017,1117,1117
2022-01-28,194,1473,924,924
2022-06-04,250,65,538,538
2022-05-22,244,1906,243,243
2022-08-15,145,574,1679,1679
2022-06-29,174,1618,1983,1983
2022-07-02,230,1477,1715,1715
2022-09-03,105,1800,1462,1462
2022-11-28,169,883,1017,1017
2022-08-01,237,361,1755,1755
2022-05-11,129,472,1414,1414
2022-04-29,109,1760,548,548
2022-11-20,191,1982,195,195
2022-08-25,181,1379,251,251
2022-11-16,228,1570,1420,1420
2022-08-23,135,1380,968,968
2022-08-26,237,1075,1755,1755
2022-12-09,195,1141,425,425
2022-08-24,162,1909,1488,1488
2022-03-03,180,910,802,802
2022-09-28,111,1574,1909,1909
2022-05-19,120,1043,849,849
2022-12-29,101,1499,456,456
2022-04-30,181,530,251,251
2022-04-22,126,1741,1809,1809
2022-10-13,116,591,455,455
2022-03-25,221,1555,963,963
2022-09-26,139,102,1114,1114
2022-02-25,202,1409,720,720
2022-11-19,169,1834,1017,1017
2022-05-06,177,1911,1263,1263
2022-05-02,233,1941,749,749
2022-11-10,127,1537,1447,1447
2022-12-01,191,1024,195,195
2022-04-22,147,1105,896,896
2022-08-23,211,1537,938,938
2022-04-14,189,1390,1108,1108
2022-08-03,144,692,92,92
2022-07-13,186,1652,751,751
2022-04-22,112,983,85,85
2022-10-30,223,1476,1454,1454
2022-03-14,122,1208,919,919
2022-11-08,101,1074,456,456
2022-01-24,195,1177,425,425
2022-07-26,167,1289,567,567
2022-06-13,171,666,289,289
2022-03-07,130,1211,851,851
2022-08-05,201,1691,1309,1309
2022-12-08,244,1262,243,243
2022-06-14,201,299,1309,1309
2022-10-15,148,679,102,102
2022-06-11,206,1075,732,732
2022-02-08,239,1096,1993,1993
2022-07-08,129,1447,1414,1414
2022-04-19,153,963,938,938
2022-03-13,118,1270,1246,1246
2022-07-27,197,1172,846,846
2022-12-11,116,511,455,455
2022-07-30,214,1245,724,724
2022-04-07,243,1037,822,822
2022-02-28,235,274,1262,1262
2022-02-04,153,737,938,938
2022-11-28,203,772,1596,1596
2022-10-30,196,1072,739,739
2022-04-23,103,1945,1121,1121
2022-07-21,109,1265,548,548
2022-03-30,187,894,120,120
2022-07-29,250,1049,538,538
2022-04-24,138,1819,433,433
2022-08-14,151,256,1784,1784
2022-04-15,240,1861,607,607
2022-02-13,208,371,715,715
2022-11-26,192,1284,143,143
2022-10-08,247,912,529,529
2022-03-22,133,1861,685,685
2022-09-30,126,1641,1809,1809
2022-10-16,240,1803,607,607
2022-09-19,115,380,909,909
2022-04-27,199,1965,453,453
2022-03-22,204,277,1250,1250
2022-08-24,172,1251,211,211
2022-04-30,122,954,919,919
2022-02-07,142,1227,1578,1578
2022-08-15,148,911,102,102
2022-11-14,224,986,1753,1753
2022-01-10,185,1604,1839,1839
2022-02-26,110,1270,229,229
2022-06-25,219,165,335,335
2022-04-11,172,228,211,211
2022-09-13,246,375,768,768
2022-12-13,142,1349,1578,1578
2022-05-19,154,1656,1655,1655
2022-06-06,128,760,1375,1375
2022-05-08,120,1917,849,849
2022-09-04,202,1046,720,720
2022-05-20,219,1639,335,335
2022-05-23,136,1915,1300,1300
2022-10-15,127,1976,1447,1447
2022-06-01,119,1955,75,75
2022-05-02,150,946,1915,1915
2022-05-04,231,1714,1719,1719
2022-12-02,202,1721,720,720
2022-09-13,246,1935,768,768
2022-11-10,166,712,1248,1248
2022-10-14,169,65,1017,1017
2022-05-02,195,1588,425,425
2022-02-22,223,947,1454,1454
2022-09-28,151,697,1784,1784
2022-01-28,197,413,846,846
2022-11-26,139,1936,1114,1114
2022-07-25,176,912,1357,1357
2022-02-01,190,1980,1392,1392
2022-01-01,225,1743,518,518
2022-11-08,136,1966,1300,1300
2022-03-27,155,1259,902,902
2022-09-25,229,1876,1879,1879
2022-05-10,185,1040,1839,1839
2022-02-04,190,1128,1392,1392
2022-04-26,148,870,102,102
2022-07-26,145,809,1679,1679
2022-09-28,189,1360,1108,1108
2022-09-24,214,238,724,724
2022-07-06,203,1835,1596,1596
2022-04-18,218,1587,172,172
2022-05-16,182,835,942,942
2022-05-05,228,1606,1420,1420
2022-07-01,123,1067,598,598
2022-05-02,210,1482,1028,1028
2022-06-26,187,1906,120,120
2022-04-07,248,1589,1619,1619
2022-05-13,108,78,1399,1399
2022-04-10,150,1047,1915,1915
2022-09-07,125,1498,806,806
2022-06-28,132,1414,1682,1682
2022-12-29,193,252,98,98
2022-11-25,184,1490,1258,1258
2022-03-09,148,1387,102,102
2022-02-18,206,909,732,732
2022-02-19,111,684,1909,1909
2022-05-15,246,223,768,768
2022-05-22,191,1527,195,195
2022-06-01,150,896,1915,1915
2022-12-05,104,1745,163,163
2022-09-10,133,1206,685,685
2022-07-18,140,967,755,755
2022-04-10,131,756,562,562
2022-05-13,154,1853,1655,1655
2022-08-27,144,283,92,92
2022-06-27,234,1508,1117,1117
2022-10-10,154,68,1655,1655
2022-07-05,151,304,1784,1784
2022-12-20,192,92,143,143
2022-04-12,121,977,667,667
2022-08-21,200,1682,603,603
2022-08-22,125,1770,806,806
2022-11-25,114,794,983,983
2022-02-28,103,1568,1121,1121
2022-12-27,129,932,1414,1414
2022-12-25,246,1394,768,768
2022-05-15,124,220,1296,1296
2022-12-01,213,1104,1991,1991
2022-09-20,206,229,732,732
2022-05-02,216,1964,1757,1757
2022-01-16,122,1505,919,919
2022-06-15,172,886,211,211
2022-11-10,157,431,332,332
2022-07-05,227,1371,164,164
2022-03-14,224,1703,1753,1753
2022-11-13,188,993,243,243
2022-08-03,247,508,529,529
2022-01-10,189,1898,1108,1108
2022-10-24,189,1787,1108,1108
2022-03-24,120,192,849,849
2022-12-05,207,1703,238,238
2022-07-28,233,1536,749,749
2022-09-25,232,584,1481,1481
2022-08-21,106,713,1726,1726
2022-03-28,222,292,1098,1098
2022-11-01,237,590,1755,1755
2022-03-24,247,1519,529,529
2022-03-07,141,1271,235,235
2022-10-06,212,642,973,973
2022-11-05,119,918,75,75
2022-09-25,103,452,1121,1121
2022-08-07,175,1151,1747,1747
2022-12-19,197,469,846,846
2022-05-04,174,971,1983,1983
2022-03-26,226,1984,1559,1559
2022-08-14,115,710,909,909
2022-04-30,248,1270,1619,1619
2022-08-28,244,654,243,243
2022-12-29,241,132,574,574
2022-02-25,222,372,1098,1098
2022-04-12,194,833,924,924
2022-01-17,137,1060,495,495
2022-04-02,118,1193,1246,1246
2022-08-29,126,222,1809,1809
2022-06-08,155,154,902,902
2022-10-21,154,340,1655,1655
2022-07-19,233,684,749,749
2022-04-05,206,1698,732,732
2022-07-29,193,179,98,98
2022-12-16,164,61,1335,1335
2022-03-10,126,261,1809,1809
2022-11-29,115,1352,909,909
2022-01-06,110,835,229,229
2022-07-15,164,1974,1335,1335
2022-12-22,148,1041,102,102
2022-03-26,143,1053,234,234
2022-03-09,107,1423,1085,1085
2022-04-25,178,465,246,246
2022-12-31,206,1793,732,732
2022-01-16,159,444,470,470
2022-12-26,198,1717,1055,1055
2022-01-03,129,1612,1414,1414
2022-07-14,215,188,842,842
2022-02-08,238,321,1832,1832
2022-10-04,111,1335,1909,1909
2022-11-27,169,1173,1017,1017
2022-04-20,171,479,289,289
2022-02-28,182,1462,942,942
2022-11-16,213,1935,1991,1991
2022-09-09,122,1511,919,919
2022-03-23,126,1507,1809,1809
2022-06-25,123,1398,598,598
2022-07-21,206,310,732,732
2022-11-29,110,1459,229,229
2022-09-11,131,649,562,562
2022-02-28,193,1338,98,98
2022-09-09,196,1890,739,739
2022-05-01,186,991,751,751
2022-01-20,129,1477,1414,1414
2022-12-10,166,886,1248,1248
2022-06-16,171,1480,289,289
2022-10-01,125,1566,806,806
2022-11-18,115,1673,909,909
2022-10-25,150,1177,1915,1915
2022-12-16,211,1230,938,938
2022-11-29,201,1470,1309,1309
2022-12-16,124,481,1296,1296
2022-10-14,108,1180,1399,1399
2022-07-23,184,908,1258,1258
2022-02-17,122,1563,919,919
2022-12-17,214,1281,724,724
2022-03-09,138,1640,433,433
2022-09-10,242,1705,1300,1300
2022-07-11,193,755,98,98
2022-05-30,145,329,1679,1679
2022-04-03,119,1628,75,75
2022-03-02,121,496,667,667
2022-03-17,229,336,1879,1879
2022-12-09,112,712,85,85
2022-04-30,122,1791,919,919
2022-06-21,137,419,495,495
2022-05-15,160,647,939,939
2022-03-08,234,917,1117,1117
2022-12-02,193,678,98,98
2022-06-13,216,791,1757,1757
2022-01-18,113,379,686,686
2022-11-01,174,1601,1983,1983
2022-07-22,116,1144,455,455
2022-09-23,136,1411,1300,1300
2022-08-09,232,1510,1481,1481
2022-06-03,110,703,229,229
2022-05-06,125,1879,806,806
2022-05-19,197,1226,846,846
2022-08-28,180,1704,802,802
2022-12-05,144,1304,92,92
2022-03-03,246,1598,768,768
2022-12-05,166,1995,1248,1248
2022-03-27,161,1573,1574,1574
2022-11-12,218,181,172,172
2022-09-03,143,660,234,234
2022-05-08,162,70,1488,1488
2022-08-10,173,1914,1972,1972
2022-08-28,152,901,1303,1303
2022-12-27,104,1596,163,163
2022-09-18,170,98,764,764
2022-08-08,152,1714,1303,1303
2022-11-01,245,1570,158,158
2022-03-23,128,287,1375,1375
2022-05-14,224,1926,1753,1753
2022-09-22,140,1076,755,755
2022-11-30,217,860,1213,1213
2022-10-10,143,1449,234,234
2022-04-13,227,1157,164,164
2022-01-08,107,1294,1085,1085
2022-12-08,222,141,1098,1098
2022-08-27,131,1917,562,562
2022-04-28,191,1506,195,195
2022-08-31,212,624,973,973
2022-06-20,178,739,246,246
2022-12-12,125,728,806,806
2022-07-21,180,164,802,802
2022-04-12,234,1900,1117,1117
2022-02-20,134,1054,769,769
2022-04-18,246,512,768,768
2022-02-24,105,455,1462,1462
2022-09-10,163,956,292,292
2022-05-16,105,1980,1462,1462
2022-03-15,154,1172,1655,1655
2022-07-05,192,835,143,143
2022-01-30,228,1221,1420,1420
2022-01-01,181,1803,251,251
2022-08-31,146,969,1026,1026
2022-11-28,108,941,1399,1399
2022-03-10,206,1682,732,732
2022-07-11,157,1565,332,332
2022-05-02,147,961,896,896
2022-09-14,163,1082,292,292
2022-10-13,103,261,1121,1121
2022-04-25,146,1570,1026,1026
2022-05-04,152,1611,1303,1303
2022-03-19,135,1652,968,968
2022-06-11,148,419,102,102
2022-02-28,225,125,518,518
2022-10-15,161,536,1574,1574
2022-03-20,111,1823,1909,1909
2022-12-03,192,393,143,143
2022-01-05,146,1734,1026,1026
2022-06-08,243,639,822,822
2022-07-10,179,524,977,977
2022-09-27,152,773,1303,1303
2022-04-23,159,734,470,470
2022-03-26,185,551,1839,1839
2022-01-25,141,131,235,235
2022-05-02,153,1123,938,938
2022-10-31,154,951,1655,1655
2022-05-04,211,1336,938,938
2022-11-22,110,1515,229,229
2022-04-25,132,995,1682,1682
2022-02-25,141,1597,235,235
2022-12-28,159,1565,470,470
2022-11-07,235,1924,1262,1262
2022-07-07,149,738,1027,1027
2022-08-20,161,758,1574,1574
2022-04-01,211,1102,938,938
2022-04-09,164,1214,1335,1335
2022-04-14,100,945,1757,1757
2022-12-27,231,196,1719,1719
2022-04-25,113,361,686,686
2022-10-09,118,966,1246,1246
2022-11-18,199,1276,453,453
2022-11-22,250,539,538,538
2022-10-08,245,304,158,158
2022-12-27,241,1878,574,574
2022-09-27,225,390,518,518
2022-07-07,144,1367,92,92
2022-06-27,123,1407,598,598
2022-07-23,128,994,1375,1375
2022-03-10,162,1500,1488,1488
2022-03-22,111,1328,1909,1909
2022-10-03,153,369,938,938
2022-02-15,228,580,1420,1420
2022-05-02,152,218,1303,1303
2022-06-13,126,851,1809,1809
2022-09-08,237,657,1755,1755
2022-11-10,132,283,1682,1682
2022-07-06,242,1992,1300,1300
2022-12-26,201,712,1309,1309
2022-01-08,167,1214,567,567
2022-02-20,247,1741,529,529
2022-07-13,227,142,164,164
2022-09-15,118,1614,1246,1246
2022-07-02,106,1174,1726,1726
2022-11-14,128,1366,1375,1375
2022-04-14,167,178,567,567
2022-05-09,158,1600,985,985
2022-12-27,234,854,1117,1117
2022-12-26,116,659,455,455
2022-06-14,159,1087,470,470
2022-02-09,211,184,938,938
2022-06-07,142,486,1578,1578
2022-10-03,144,1639,92,92
2022-04-07,209,1266,1018,1018
2022-12-09,228,1982,1420,1420
2022-04-25,249,589,1791,1791
2022-11-28,201,355,1309,1309
2022-10-18,187,882,120,120
2022-10-18,100,119,1757,1757
2022-07-22,101,1732,456,456
2022-05-11,231,1082,1719,1719
2022-09-25,166,1672,1248,1248
2022-09-23,111,800,1909,1909
2022-07-27,164,694,1335,1335
2022-08-12,176,283,1357,1357
2022-12-06,172,1843,211,211
2022-10-01,227,1841,164,164
2022-12-14,141,1388,235,235
2022-03-12,225,56,518,518
2022-06-06,143,312,234,234
2022-02-16,139,1121,1114,1114
2022-09-12,240,435,607,607
2022-03-19,130,1726,851,851
2022-07-04,207,893,238,238
2022-01-26,149,1665,1027,1027
2022-04-24,211,212,938,938
2022-08-11,179,1416,977,977
2022-09-01,199,468,453,453
2022-02-12,221,617,963,963
2022-05-03,232,1699,1481,1481
2022-05-05,111,893,1909,1909
2022-09-22,191,212,195,195
2022-06-23,233,1264,749,749
2022-10-21,214,1758,724,724
2022-04-11,183,968,1328,1328
2022-05-17,128,1045,1375,1375
2022-08-10,213,400,1991,1991
2022-10-22,172,295,211,211
2022-10-16,124,939,1296,1296
2022-03-08,124,1763,1296,1296
2022-08-07,134,1679,769,769
2022-10-29,248,1486,1619,1619
2022-06-10,121,1107,667,667
2022-05-10,245,586,158,158
2022-02-01,127,416,1447,1447
2022-11-20,107,1888,1085,1085
2022-11-03,133,354,685,685
2022-10-10,127,403,1447,1447
2022-12-26,104,606,163,163
2022-11-25,167,1800,567,567
2022-10-20,206,328,732,732
2022-10-21,147,1802,896,896
2022-11-29,216,86,1757,1757
2022-03-24,128,734,1375,1375
2022-06-07,179,1725,977,977
2022-01-18,202,1432,720,720
2022-10-17,243,681,822,822
2022-09-12,113,1406,686,686
2022-03-20,197,1711,846,846
2022-10-20,198,740,1055,1055
2022-03-09,189,1121,1108,1108
2022-05-22,193,944,98,98
2022-04-23,203,1583,1596,1596
2022-03-24,246,696,768,768
2022-04-10,242,779,1300,1300
2022-09-28,183,1004,1328,1328
2022-10-30,185,1325,1839,1839
2022-04-15,246,358,768,768
2022-09-22,134,789,769,769
2022-01-12,194,1045,924,924
2022-04-06,182,1623,942,942
2022-10-01,147,1852,896,896
2022-07-21,169,1877,1017,1017
2022-04-30,225,96,518,518
2022-05-09,203,1316,1596,1596
2022-12-27,245,1240,158,158
2022-09-30,125,1960,806,806
2022-06-28,225,106,518,518
2022-12-15,244,655,243,243
2022-03-14,101,852,456,456
2022-10-13,222,1493,1098,1098
2022-03-13,122,1015,919,919
2022-07-29,191,951,195,195
2022-10-07,201,586,1309,1309
2022-10-24,237,1809,1755,1755
2022-04-27,193,924,98,98
2022-03-06,237,1216,1755,1755
2022-02-15,147,1839,896,896
2022-10-06,157,1764,332,332
2022-08-06,119,374,75,75
2022-05-20,146,964,1026,1026
2022-04-10,118,562,1246,1246
2022-04-16,134,1974,769,769
2022-07-07,227,1560,164,164
2022-03-13,216,587,1757,1757
2022-06-15,181,656,251,251
2022-01-20,144,152,92,92
2022-12-07,235,1389,1262,1262
2022-12-23,116,1329,455,455
2022-03-22,186,1188,751,751
2022-09-02,190,1152,1392,1392
2022-04-16,190,275,1392,1392
2022-12-25,176,1545,1357,1357
2022-01-04,137,1849,495,495
2022-08-02,119,465,75,75
2022-06-12,137,1684,495,495
2022-08-24,144,302,92,92
2022-03-28,240,1474,607,607
2022-06-27,126,1150,1809,1809
2022-01-17,113,356,686,686
2022-12-24,158,1927,985,985
2022-08-11,195,111,425,425
2022-12-13,127,1472,1447,1447
2022-01-05,128,150,1375,1375
2022-05-04,155,1444,902,902
2022-04-30,222,1110,1098,1098
2022-08-09,166,1754,1248,1248
2022-10-03,142,245,1578,1578
2022-02-18,237,554,1755,1755
2022-05-03,141,1476,235,235
2022-09-19,203,1487,1596,1596
2022-06-01,203,1631,1596,1596
2022-11-14,147,782,896,896
2022-01-13,168,1004,1780,1780
2022-02-28,128,749,1375,1375
2022-12-24,175,836,1747,1747
2022-10-10,210,181,1028,1028
2022-03-16,143,941,234,234
2022-02-09,248,400,1619,1619
2022-10-17,102,1372,671,671
2022-10-13,170,94,764,764
2022-04-23,144,576,92,92
2022-04-08,119,984,75,75
2022-01-29,153,357,938,938
2022-05-13,128,588,1375,1375
2022-06-16,121,1297,667,667
2022-02-13,153,720,938,938
2022-08-11,145,1549,1679,1679
2022-01-18,223,1821,1454,1454
2022-09-30,120,892,849,849
2022-07-09,248,1700,1619,1619
2022-07-09,134,91,769,769
2022-11-27,168,77,1780,1780
2022-02-10,145,1885,1679,1679
2022-12-04,237,326,1755,1755
2022-11-12,123,270,598,598
2022-11-14,244,1347,243,243
2022-10-16,221,1749,963,963
2022-07-18,117,955,1417,1417
2022-07-15,177,367,1263,1263
2022-10-05,103,1769,1121,1121
2022-07-22,210,166,1028,1028
2022-08-01,217,1875,1213,1213
2022-05-15,148,779,102,102
2022-02-19,214,1335,724,724
2022-08-31,118,537,1246,1246
2022-06-14,121,1110,667,667
2022-09-23,216,1276,1757,1757
2022-08-09,179,826,977,977
2022-07-11,145,1089,1679,1679
2022-06-28,121,315,667,667
2022-12-03,111,95,1909,1909
2022-02-13,137,434,495,495
2022-10-31,212,1349,973,973
2022-05-29,161,1373,1574,1574
2022-03-01,166,519,1248,1248
2022-09-24,211,139,938,938
2022-08-12,149,1767,1027,1027
2022-03-28,231,901,1719,1719
2022-08-02,250,1868,538,538
2022-03-01,242,1655,1300,1300
2022-05-12,134,221,769,769
2022-05-02,118,537,1246,1246
2022-09-30,139,1136,1114,1114
2022-01-30,207,1120,238,238
2022-12-22,146,897,1026,1026
2022-07-15,150,195,1915,1915
2022-05-16,168,631,1780,1780
2022-05-12,116,769,455,455
2022-04-18,152,881,1303,1303
2022-07-20,241,1727,574,574
2022-06-14,148,648,102,102
2022-01-12,125,797,806,806
2022-10-01,240,950,607,607
2022-03-10,244,746,243,243
2022-03-01,115,612,909,909
2022-02-17,174,753,1983,1983
2022-10-23,229,1105,1879,1879
2022-05-16,190,647,1392,1392
2022-11-02,143,1234,234,234
2022-02-10,222,1908,1098,1098
2022-05-04,143,311,234,234
2022-03-17,156,96,69,69
2022-11-11,218,417,172,172
2022-01-15,138,683,433,433
2022-12-03,198,496,1055,1055
2022-10-21,218,1600,172,172
2022-12-30,162,108,1488,1488
2022-02-27,190,1288,1392,1392
2022-06-17,136,498,1300,1300
2022-04-01,169,1575,1017,1017
2022-05-14,123,71,598,598
2022-01-03,152,1423,1303,1303
2022-02-25,122,269,919,919
2022-12-31,128,1927,1375,1375
2022-07-30,125,1548,806,806
2022-09-08,129,1953,1414,1414
2022-09-20,127,782,1447,1447
2022-09-16,126,1502,1809,1809
2022-01-21,128,1988,1375,1375
2022-05-24,240,1179,607,607
2022-10-15,212,1068,973,973
2022-03-04,193,929,98,98
2022-05-15,181,383,251,251
2022-03-08,202,1976,720,720
2022-08-11,220,1644,595,595
2022-02-21,243,1451,822,822
2022-09-29,187,1069,120,120
2022-01-04,248,800,1619,1619
2022-02-08,194,1492,924,924
2022-01-20,201,1168,1309,1309
2022-03-21,138,1650,433,433
2022-01-09,137,1133,495,495
2022-01-04,227,1881,164,164
2022-11-10,245,1924,158,158
2022-11-14,154,1890,1655,1655
2022-10-01,201,623,1309,1309
2022-04-28,233,1240,749,749
2022-09-21,166,1295,1248,1248
2022-12-19,178,485,246,246
2022-09-11,114,1048,983,983
2022-03-21,115,478,909,909
2022-08-01,217,1662,1213,1213
2022-06-15,119,780,75,75
2022-05-02,156,1064,69,69
2022-10-16,218,953,172,172
2022-02-21,232,959,1481,1481
2022-07-17,143,808,234,234
2022-07-16,177,788,1263,1263
2022-06-13,238,1167,1832,1832
2022-09-01,112,1420,85,85
2022-10-20,194,610,924,924
2022-04-27,115,593,909,909
2022-08-29,198,898,1055,1055
2022-07-27,134,1111,769,769
2022-04-06,224,190,1753,1753
2022-09-07,243,1897,822,822
2022-09-14,137,651,495,495
2022-10-08,177,1110,1263,1263
2022-03-24,123,467,598,598
2022-08-25,163,611,292,292
2022-12-16,147,1315,896,896
2022-03-14,107,293,1085,1085
2022-02-11,222,1472,1098,1098
2022-08-19,159,286,470,470
2022-03-13,107,854,1085,1085
2022-05-26,105,1359,1462,1462
2022-04-27,133,1601,685,685
2022-01-12,190,731,1392,1392
2022-12-24,159,1941,470,470
2022-05-21,187,1758,120,120
2022-09-06,115,790,909,909
2022-07-31,147,1236,896,896
2022-03-10,172,1200,211,211
2022-05-16,176,488,1357,1357
2022-02-17,142,1609,1578,1578
2022-07-03,171,1269,289,289
2022-07-28,144,1627,92,92
2022-05-04,107,1903,1085,1085
2022-01-21,226,1674,1559,1559
2022-07-25,232,524,1481,1481
2022-12-25,177,586,1263,1263
2022-03-30,217,717,1213,1213
2022-03-05,210,647,1028,1028
2022-10-24,216,1877,1757,1757
2022-02-23,170,1971,764,764
2022-06-08,234,307,1117,1117
2022-12-28,238,384,1832,1832
2022-10-03,118,543,1246,1246
2022-11-02,135,969,968,968
2022-11-13,172,1622,211,211
2022-04-06,143,1338,234,234
2022-07-11,130,664,851,851
2022-10-13,243,1035,822,822
2022-09-17,194,587,924,924
2022-07-27,156,1768,69,69
2022-01-29,220,1762,595,595
2022-03-22,185,1334,1839,1839
2022-07-30,217,391,1213,1213
2022-01-06,151,1686,1784,1784
2022-01-06,201,538,1309,1309
2022-05-24,232,154,1481,1481
2022-09-13,217,1074,1213,1213
2022-11-28,145,85,1679,1679
2022-09-16,187,1296,120,120
2022-12-25,203,350,1596,1596
2022-04-26,216,1027,1757,1757
2022-11-29,232,1138,1481,1481
2022-07-21,153,1951,938,938
2022-09-21,168,920,1780,1780
2022-10-20,150,116,1915,1915
2022-06-04,109,1024,548,548
2022-07-20,167,1172,567,567
2022-06-23,227,1660,164,164
2022-06-04,177,409,1263,1263
2022-06-06,110,673,229,229
2022-01-03,130,1654,851,851
2022-05-05,208,603,715,715
2022-11-28,133,1766,685,685
2022-07-27,204,1575,1250,1250
2022-11-06,118,552,1246,1246
2022-06-20,144,829,92,92
2022-08-12,221,669,963,963
2022-02-22,198,700,1055,1055
2022-01-14,246,414,768,768
2022-03-12,236,1061,1782,1782
2022-05-18,220,1137,595,595
2022-11-13,207,842,238,238
2022-02-26,157,1769,332,332
2022-10-01,152,85,1303,1303
2022-04-01,113,767,686,686
2022-09-02,240,891,607,607
2022-09-30,245,749,158,158
2022-09-06,199,1640,453,453
2022-12-25,132,144,1682,1682
2022-01-20,122,87,919,919
2022-03-09,243,1718,822,822
2022-05-12,138,1992,433,433
2022-10-07,231,660,1719,1719
2022-08-20,106,1171,1726,1726
2022-12-03,158,1866,985,985
2022-06-26,145,102,1679,1679
2022-04-02,139,1847,1114,1114
2022-04-04,126,1429,1809,1809
2022-06-12,157,1130,332,332
2022-07-28,195,1274,425,425
2022-02-09,206,262,732,732
2022-02-15,158,1645,985,985
2022-02-23,222,1606,1098,1098
2022-09-06,113,865,686,686
2022-05-19,186,1363,751,751
2022-11-02,121,1342,667,667
2022-05-14,170,768,764,764
2022-01-29,215,826,842,842
2022-09-03,123,1739,598,598
2022-08-14,157,709,332,332
2022-08-18,186,1018,751,751
2022-11-30,123,1378,598,598
2022-12-09,129,919,1414,1414
2022-07-21,217,851,1213,1213
2022-11-12,137,323,495,495
2022-01-29,159,859,470,470
2022-01-28,230,889,1715,1715
2022-02-07,229,1199,1879,1879
2022-02-16,211,822,938,938
2022-06-25,130,298,851,851
2022-05-18,179,1431,977,977
2022-09-19,198,187,1055,1055
2022-01-30,220,69,595,595
2022-02-19,119,1962,75,75
2022-09-26,163,464,292,292
2022-03-28,195,1747,425,425
2022-04-21,193,1745,98,98
2022-11-23,110,125,229,229
2022-12-03,175,899,1747,1747
2022-01-19,235,1783,1262,1262
2022-08-25,129,278,1414,1414
2022-09-17,212,555,973,973
2022-03-29,161,1085,1574,1574
2022-09-08,136,833,1300,1300
2022-01-22,120,721,849,849
2022-06-16,206,1757,732,732
2022-03-18,218,1192,172,172
2022-06-26,105,1803,1462,1462
2022-12-06,122,54,919,919
2022-10-05,246,1070,768,768
2022-10-01,232,1997,1481,1481
2022-05-11,159,1653,470,470
2022-05-22,153,1106,938,938
2022-02-21,177,268,1263,1263
2022-04-02,231,400,1719,1719
2022-11-16,157,531,332,332
2022-09-01,107,1473,1085,1085
2022-10-14,217,1837,1213,1213
2022-07-12,246,875,768,768
2022-03-07,149,637,1027,1027
2022-01-13,136,1368,1300,1300
2022-05-03,117,789,1417,1417
2022-01-27,135,1144,968,968
2022-03-01,186,1889,751,751
2022-03-07,175,199,1747,1747
2022-03-11,135,1699,968,968
2022-01-02,232,1196,1481,1481
2022-07-14,152,566,1303,1303
2022-08-02,227,816,164,164
2022-11-01,123,425,598,598
2022-08-07,215,1181,842,842
2022-06-30,174,1075,1983,1983
2022-01-03,226,758,1559,1559
2022-08-23,192,1089,143,143
2022-07-05,101,1684,456,456
2022-01-31,170,1027,764,764
2022-01-24,143,1517,234,234
2022-08-26,137,484,495,495
2022-06-01,166,1355,1248,1248
2022-06-23,159,1965,470,470
2022-02-02,222,1387,1098,1098
2022-03-04,228,793,1420,1420
2022-03-15,140,455,755,755
2022-07-15,245,784,158,158
2022-07-22,109,1512,548,548
2022-08-05,162,1685,1488,1488
2022-09-30,151,926,1784,1784
2022-06-13,229,1362,1879,1879
2022-10-27,159,642,470,470
2022-10-09,222,1437,1098,1098
2022-03-11,215,801,842,842
2022-10-24,135,930,968,968
2022-06-24,158,648,985,985
2022-02-20,167,1314,567,567
2022-07-23,205,275,999,999
2022-06-26,187,945,120,120
2022-05-16,107,570,1085,1085
2022-11-21,124,89,1296,1296
2022-07-19,115,1493,909,909
2022-08-27,197,297,846,846
2022-07-08,145,1748,1679,1679
2022-11-04,140,1101,755,755
2022-08-30,131,1021,562,562
2022-12-19,121,1281,667,667
2022-06-08,126,1002,1809,1809
2022-12-01,142,1149,1578,1578
2022-05-23,185,1632,1839,1839
2022-07-15,238,1723,1832,1832
2022-01-14,117,532,1417,1417
2022-11-18,167,1086,567,567
2022-02-20,139,1723,1114,1114
2022-08-25,221,793,963,963
2022-08-06,128,1539,1375,1375
2022-05-29,234,1460,1117,1117
2022-03-25,138,1897,433,433
2022-06-19,119,175,75,75
2022-05-19,174,1256,1983,1983
2022-11-04,239,913,1993,1993
2022-06-19,186,222,751,751
2022-12-12,128,468,1375,1375
2022-12-18,113,97,686,686
2022-04-04,227,1669,164,164
2022-09-04,101,586,456,456
2022-06-20,179,751,977,977
2022-11-19,196,1441,739,739
2022-03-13,232,590,1481,1481
2022-07-22,213,1896,1991,1991
2022-12-24,233,1271,749,749
2022-07-05,171,1668,289,289
2022-09-28,182,1329,942,942
2022-01-19,126,1990,1809,1809
2022-11-28,247,202,529,529
2022-12-16,181,636,251,251
2022-12-30,246,1567,768,768
2022-09-20,115,1014,909,909
2022-03-21,170,1623,764,764
2022-12-20,124,476,1296,1296
2022-01-16,212,1208,973,973
2022-11-05,111,362,1909,1909
2022-03-24,199,1208,453,453
2022-10-30,101,72,456,456
2022-09-20,183,1906,1328,1328
2022-03-13,235,852,1262,1262
2022-02-20,166,784,1248,1248
2022-05-09,161,140,1574,1574
2022-03-18,182,90,942,942
2022-05-13,197,1742,846,846
2022-11-11,197,1884,846,846
2022-07-12,129,222,1414,1414
2022-06-29,236,1949,1782,1782
2022-07-03,112,625,85,85
2022-12-07,242,724,1300,1300
2022-08-10,225,1072,518,518
2022-12-11,250,240,538,538
2022-06-06,147,1706,896,896
2022-04-17,124,1013,1296,1296
2022-09-18,249,265,1791,1791
2022-09-05,187,1607,120,120
2022-03-11,156,1453,69,69
2022-08-25,182,1831,942,942
2022-11-30,245,528,158,158
2022-06-25,182,1102,942,942
2022-03-19,158,1468,985,985
2022-11-21,222,1160,1098,1098
2022-03-29,107,1567,1085,1085
2022-08-25,208,292,715,715
2022-07-29,133,1722,685,685
2022-10-07,153,837,938,938
2022-04-25,215,1544,842,842
2022-03-13,222,704,1098,1098
2022-08-19,224,971,1753,1753
2022-06-21,207,584,238,238
2022-05-16,151,862,1784,1784
2022-10-01,161,1592,1574,1574
2022-05-10,228,1319,1420,1420
2022-05-18,158,1539,985,985
2022-04-08,239,1121,1993,1993
2022-03-12,235,1606,1262,1262
2022-10-04,195,1927,425,425
2022-08-19,116,465,455,455
2022-03-17,221,929,963,963
2022-11-15,138,1365,433,433
2022-06-01,240,78,607,607
2022-09-12,197,1105,846,846
2022-06-19,240,582,607,607
2022-06-04,142,1836,1578,1578
2022-05-20,243,1557,822,822
2022-03-26,207,1826,238,238
2022-03-02,180,584,802,802
2022-03-23,183,654,1328,1328
2022-09-12,106,1119,1726,1726
2022-01-13,209,120,1018,1018
2022-02-03,249,680,1791,1791
2022-02-17,216,1168,1757,1757
2022-05-14,204,1837,1250,1250
2022-04-11,184,1189,1258,1258
2022-08-28,139,1188,1114,1114
2022-10-10,129,270,1414,1414
2022-11-28,235,380,1262,1262
2022-11-14,168,1814,1780,1780
2022-01-03,101,960,456,456
2022-02-04,135,696,968,968
2022-08-25,180,1626,802,802
2022-05-15,229,1046,1879,1879
2022-06-26,228,1201,1420,1420
2022-03-05,211,1945,938,938
2022-04-23,232,1198,1481,1481
2022-02-18,182,196,942,942
2022-09-14,199,311,453,453
2022-11-04,170,445,764,764
2022-06-01,215,587,842,842
2022-02-25,133,968,685,685
2022-09-10,118,1602,1246,1246
2022-02-13,136,904,1300,1300
2022-02-01,133,1784,685,685
2022-06-10,145,1163,1679,1679
2022-01-18,237,1115,1755,1755
2022-03-03,108,1787,1399,1399
2022-08-10,117,179,1417,1417
2022-01-21,214,839,724,724
2022-11-26,224,957,1753,1753
2022-03-14,250,604,538,538
2022-09-24,166,932,1248,1248
2022-07-14,134,251,769,769
2022-04-12,210,295,1028,1028
2022-03-03,142,1357,1578,1578
2022-07-26,242,111,1300,1300
2022-10-30,212,312,973,973
2022-07-17,220,1259,595,595
2022-04-03,160,1996,939,939
2022-05-09,244,1821,243,243
2022-01-14,111,1417,1909,1909
2022-01-20,198,1169,1055,1055
2022-08-22,193,594,98,98
2022-01-25,136,1358,1300,1300
2022-11-27,247,939,529,529
2022-10-17,176,1394,1357,1357
2022-09-21,194,1785,924,924
2022-02-26,157,1805,332,332
2022-03-31,245,855,158,158
2022-08-26,171,499,289,289
2022-02-14,141,1619,235,235
2022-03-17,148,225,102,102
2022-08-09,123,376,598,598
2022-10-10,163,1055,292,292
2022-05-09,138,495,433,433
2022-08-25,208,321,715,715
2022-01-11,123,503,598,598
2022-01-31,231,1631,1719,1719
2022-09-17,153,582,938,938
2022-01-23,114,1020,983,983
2022-11-27,128,1596,1375,1375
2022-02-18,184,461,1258,1258
2022-06-13,202,840,720,720
2022-01-27,176,427,1357,1357
2022-03-28,179,758,977,977
2022-08-13,215,960,842,842
2022-08-26,112,921,85,85
2022-12-05,102,1830,671,671
2022-07-15,109,206,548,548
2022-03-06,242,142,1300,1300
2022-10-06,223,222,1454,1454
2022-01-31,102,1246,671,671
2022-02-09,110,92,229,229
2022-07-20,138,1190,433,433
2022-04-02,190,608,1392,1392
2022-06-27,112,1676,85,85
2022-01-07,200,423,603,603
2022-11-26,238,860,1832,1832
2022-10-20,237,563,1755,1755
2022-09-04,129,1129,1414,1414
2022-04-27,223,243,1454,1454
2022-02-20,110,1953,229,229
2022-05-02,224,704,1753,1753
2022-04-25,132,121,1682,1682
2022-04-29,215,180,842,842
2022-09-11,156,1235,69,69
2022-03-07,171,1964,289,289
2022-07-13,179,866,977,977
2022-09-01,199,1943,453,453
2022-06-27,236,766,1782,1782
2022-05-06,250,686,538,538
2022-01-27,244,835,243,243
2022-08-19,250,779,538,538
2022-03-03,122,1971,919,919
2022-12-08,133,1469,685,685
2022-03-31,228,295,1420,1420
2022-08-10,238,1762,1832,1832
2022-05-20,213,1721,1991,1991
2022-03-10,126,1139,1809,1809
2022-04-13,168,1525,1780,1780
2022-11-26,216,1849,1757,1757
2022-10-08,163,167,292,292
2022-09-28,242,1403,1300,1300
2022-07-17,137,1334,495,495
2022-12-18,200,1459,603,603
2022-02-02,150,236,1915,1915
2022-11-02,183,990,1328,1328
2022-01-22,186,906,751,751
2022-10-08,177,1079,1263,1263
2022-06-29,126,185,1809,1809
2022-09-17,192,1796,143,143
2022-09-25,165,1951,211,211
2022-03-06,234,501,1117,1117
2022-05-19,196,157,739,739
2022-08-03,142,401,1578,1578
2022-05-31,227,1930,164,164
2022-12-17,101,459,456,456
2022-03-08,113,1974,686,686
2022-04-12,237,610,1755,1755
2022-11-07,201,1657,1309,1309
2022-02-16,138,1712,433,433
2022-03-24,162,1966,1488,1488
2022-01-21,215,820,842,842
2022-06-26,212,751,973,973
2022-05-12,244,426,243,243
2022-01-19,131,685,562,562
2022-11-13,218,904,172,172
2022-11-29,228,1430,1420,1420
2022-06-02,226,1261,1559,1559
2022-04-26,160,174,939,939
2022-12-21,141,592,235,235
2022-06-15,198,771,1055,1055
2022-07-07,197,1302,846,846
2022-09-29,212,1008,973,973
2022-09-05,203,1747,1596,1596
2022-07-24,232,1052,1481,1481
2022-04-23,179,1456,977,977
2022-09-20,240,1656,607,607
2022-08-11,113,1867,686,686
2022-02-23,223,105,1454,1454
2022-07-23,189,739,1108,1108
2022-02-09,212,918,973,973
2022-09-14,169,1009,1017,1017
2022-12-01,156,919,69,69
2022-08-29,164,866,1335,1335
2022-02-25,103,1343,1121,1121
2022-06-10,118,1079,1246,1246
2022-10-07,113,74,686,686
2022-04-14,209,1688,1018,1018
2022-10-08,245,574,158,158
2022-06-08,231,712,1719,1719
2022-01-22,222,1901,1098,1098
2022-05-31,219,102,335,335
2022-08-08,161,232,1574,1574
2022-06-27,116,1828,455,455
2022-05-27,225,1401,518,518
2022-08-30,186,1240,751,751
2022-01-16,169,336,1017,1017
2022-05-20,169,1964,1017,1017
2022-09-03,100,1704,1757,1757
2022-12-22,140,140,755,755
2022-04-28,123,1000,598,598
2022-09-12,213,1695,1991,1991
2022-10-14,246,341,768,768
2022-12-01,183,1602,1328,1328
2022-03-21,175,146,1747,1747
2022-05-07,206,1546,732,732
2022-12-25,208,1586,715,715
2022-12-01,144,1466,92,92
2022-05-07,167,1231,567,567
2022-06-13,204,731,1250,1250
2022-11-07,139,763,1114,1114
2022-12-28,131,491,562,562
2022-05-14,181,60,251,251
2022-06-01,243,1993,822,822
2022-11-20,248,1108,1619,1619
2022-11-22,104,1579,163,163
2022-11-16,181,455,251,251
2022-08-21,174,1296,1983,1983
2022-07-27,141,379,235,235
2022-09-17,243,1786,822,822
2022-10-27,238,571,1832,1832
2022-09-16,177,1602,1263,1263
2022-04-16,173,540,1972,1972
2022-12-26,143,404,234,234
2022-05-15,160,872,939,939
2022-12-09,219,1602,335,335
2022-02-23,217,212,1213,1213
2022-06-13,151,1938,1784,1784
2022-11-26,235,1908,1262,1262
2022-04-27,158,1704,985,985
2022-05-16,230,366,1715,1715
2022-05-10,180,810,802,802
2022-06-25,244,1113,243,243
2022-11-12,122,1048,919,919
2022-01-01,208,174,715,715
2022-05-27,138,1294,433,433
2022-03-17,119,82,75,75
2022-03-03,218,1101,172,172
2022-11-20,244,351,243,243
2022-04-11,250,1073,538,538
2022-12-16,149,142,1027,1027
2022-03-13,238,679,1832,1832
2022-01-16,124,1946,1296,1296
2022-01-20,193,1152,98,98
2022-03-07,147,1475,896,896
2022-08-20,167,1485,567,567
2022-08-24,108,1390,1399,1399
2022-11-04,144,499,92,92
2022-03-26,201,1078,1309,1309
2022-06-28,147,1582,896,896
2022-12-24,221,1587,963,963
2022-02-02,128,1280,1375,1375
2022-01-15,103,789,1121,1121
2022-05-03,224,1185,1753,1753
2022-09-22,229,1751,1879,1879
2022-09-22,157,395,332,332
2022-08-28,250,807,538,538
2022-07-13,204,1095,1250,1250
2022-12-12,186,590,751,751
2022-09-27,166,965,1248,1248
2022-07-31,105,99,1462,1462
2022-12-28,239,269,1993,1993
2022-06-19,246,966,768,768
2022-02-06,140,1490,755,755
2022-07-21,229,1923,1879,1879
2022-06-23,108,1530,1399,1399
2022-12-17,177,905,1263,1263
2022-05-16,206,1879,732,732
2022-11-16,133,1954,685,685
2022-01-15,249,1188,1791,1791
2022-11-11,159,100,470,470
2022-06-03,203,928,1596,1596
2022-09-07,156,735,69,69
2022-06-30,111,448,1909,1909
2022-08-13,181,1094,251,251
2022-07-26,222,1002,1098,1098
2022-12-26,120,1683,849,849
2022-12-31,238,1498,1832,1832
2022-10-23,218,216,172,172
2022-08-27,124,1086,1296,1296
2022-05-14,197,1068,846,846
2022-10-13,118,1310,1246,1246
2022-03-21,182,596,942,942
2022-07-28,196,195,739,739
2022-01-18,186,445,751,751
2022-01-04,193,311,98,98
2022-05-15,228,1826,1420,1420
2022-09-01,179,1641,977,977
2022-05-12,170,343,764,764
2022-09-01,232,1908,1481,1481
2022-01-05,150,1873,1915,1915
2022-01-11,103,882,1121,1121
2022-06-29,135,363,968,968
2022-02-09,135,1657,968,968
2022-01-29,100,1388,1757,1757
2022-08-21,232,1042,1481,1481
2022-07-23,249,1159,1791,1791
2022-01-24,118,652,1246,1246
2022-07-20,220,1431,595,595
2022-12-06,193,1766,98,98
2022-03-04,144,1127,92,92
2022-06-08,206,423,732,732
2022-05-23,127,214,1447,1447
2022-02-05,109,1722,548,548
2022-08-12,223,318,1454,1454
2022-01-15,195,653,425,425
2022-10-14,213,1858,1991,1991
2022-02-03,141,669,235,235
2022-06-02,160,1902,939,939
2022-12-13,145,697,1679,1679
2022-05-12,186,1456,751,751
2022-08-11,179,1025,977,977
2022-04-23,231,1682,1719,1719
2022-01-26,213,703,1991,1991
2022-06-02,230,470,1715,1715
2022-05-24,152,1915,1303,1303
2022-01-14,175,143,1747,1747
2022-09-20,159,1438,470,470
2022-10-06,240,1149,607,607
2022-12-01,122,146,919,919
2022-04-18,176,881,1357,1357
2022-11-28,234,928,1117,1117
2022-01-11,171,1655,289,289
2022-08-12,154,566,1655,1655
2022-03-01,185,1411,1839,1839
2022-06-29,165,1601,211,211
2022-10-02,227,1320,164,164
2022-05-09,155,1653,902,902
2022-03-14,116,1797,455,455
2022-07-19,148,864,102,102
2022-05-07,221,298,963,963
2022-03-27,205,104,999,999
2022-09-04,191,902,195,195
2022-10-11,115,484,909,909
2022-12-11,232,438,1481,1481
2022-02-10,135,744,968,968
2022-02-09,243,260,822,822
2022-02-06,103,977,1121,1121
2022-01-07,236,181,1782,1782
2022-12-26,186,270,751,751
2022-12-20,231,146,1719,1719
2022-12-01,213,1499,1991,1991
2022-09-08,145,392,1679,1679
2022-09-07,217,1821,1213,1213
2022-11-16,129,1488,1414,1414
2022-06-04,156,1423,69,69
2022-04-15,208,1059,715,715
2022-02-20,117,1302,1417,1417
2022-08-08,106,1504,1726,1726
2022-02-27,193,649,98,98
2022-10-07,170,1332,764,764
2022-05-25,127,153,1447,1447
2022-07-05,231,1759,1719,1719
2022-03-19,215,1721,842,842
2022-03-19,133,659,685,685
2022-05-07,208,1235,715,715
2022-07-09,200,672,603,603
2022-09-28,242,272,1300,1300
2022-02-02,123,491,598,598
2022-11-30,173,1095,1972,1972
2022-03-16,181,376,251,251
2022-11-04,176,1510,1357,1357
2022-07-07,248,1738,1619,1619
2022-03-18,233,976,749,749
2022-12-21,194,739,924,924
2022-10-07,247,324,529,529
2022-11-19,239,789,1993,1993
2022-11-12,250,784,538,538
2022-07-20,212,189,973,973
2022-08-17,164,368,1335,1335
2022-01-31,145,1053,1679,1679
2022-01-19,119,1979,75,75
2022-05-29,143,1021,234,234
2022-05-20,154,458,1655,1655
2022-07-29,138,585,433,433
2022-02-08,224,1853,1753,1753
2022-03-11,113,1479,686,686
2022-02-01,170,1021,764,764
2022-05-01,245,826,158,158
2022-03-20,125,1509,806,806
2022-07-29,148,1752,102,102
2022-05-30,115,1182,909,909
2022-06-02,227,669,164,164
2022-12-29,224,129,1753,1753
2022-01-29,183,1595,1328,1328
2022-05-17,109,1880,548,548
2022-02-08,205,1665,999,999
2022-05-16,188,1389,243,243
2022-05-08,249,1814,1791,1791
2022-12-05,155,106,902,902
2022-03-20,100,895,1757,1757
2022-04-27,113,602,686,686
2022-03-13,129,1229,1414,1414
2022-11-28,188,628,243,243
2022-03-16,203,1099,1596,1596
2022-07-09,150,233,1915,1915
2022-08-17,102,1187,671,671
2022-04-23,185,527,1839,1839
2022-01-27,118,1453,1246,1246
2022-05-18,130,1941,851,851
2022-09-08,133,1180,685,685
2022-01-16,194,297,924,924
2022-05-10,163,738,292,292
2022-09-16,235,691,1262,1262
2022-11-03,196,1340,739,739
2022-07-16,242,278,1300,1300
2022-09-09,240,72,607,607
2022-03-03,121,161,667,667
2022-11-01,146,1005,1026,1026
2022-10-26,163,1729,292,292
2022-05-07,238,853,1832,1832
2022-12-31,104,1327,163,163
2022-04-16,114,160,983,983
2022-04-26,180,848,802,802
2022-02-23,119,285,75,75
2022-04-22,176,801,1357,1357
2022-08-19,185,336,1839,1839
2022-03-13,147,668,896,896
2022-09-17,177,1037,1263,1263
2022-04-30,149,570,1027,1027
2022-06-02,128,638,1375,1375
2022-03-21,205,312,999,999
2022-04-27,182,121,942,942
2022-01-28,136,183,1300,1300
2022-09-04,172,501,211,211
2022-06-05,167,741,567,567
2022-02-24,199,146,453,453
2022-01-20,221,1833,963,963
2022-05-16,249,104,1791,1791
2022-09-06,171,629,289,289
2022-06-03,210,498,1028,1028
2022-11-12,201,355,1309,1309
2022-09-26,116,1181,455,455
2022-05-05,229,1457,1879,1879
2022-12-08,217,683,1213,1213
2022-11-20,189,938,1108,1108
2022-09-16,137,749,495,495
2022-01-18,245,1527,158,158
2022-08-25,173,1823,1972,1972
2022-11-13,187,1270,120,120
2022-11-15,186,263,751,751
2022-12-19,235,1177,1262,1262
2022-02-27,221,1714,963,963
2022-12-21,244,688,243,243
2022-07-09,246,1441,768,768
2022-02-14,196,294,739,739
2022-10-04,105,1826,1462,1462
2022-01-19,194,247,924,924
2022-11-24,150,685,1915,1915
2022-08-23,231,717,1719,1719
2022-12-30,245,678,158,158
2022-03-24,239,890,1993,1993
2022-10-02,150,1304,1915,1915
2022-04-02,119,177,75,75
2022-04-05,188,1279,243,243
2022-02-03,162,1235,1488,1488
2022-10-07,182,747,942,942
2022-02-17,127,1630,1447,1447
2022-04-20,245,1832,158,158
2022-04-23,101,1154,456,456
2022-05-12,247,1873,529,529
2022-10-14,202,260,720,720
2022-02-01,228,1486,1420,1420
2022-06-03,146,1204,1026,1026
2022-11-29,124,217,1296,1296
2022-10-18,164,257,1335,1335
2022-08-16,224,1687,1753,1753
2022-07-13,104,500,163,163
2022-03-25,235,1740,1262,1262
2022-08-01,242,697,1300,1300
2022-07-13,241,1872,574,574
2022-02-17,231,249,1719,1719
2022-11-28,213,1603,1991,1991
2022-08-26,189,303,1108,1108
2022-05-21,196,1997,739,739
2022-12-27,174,1268,1983,1983
2022-07-25,104,422,163,163
2022-12-13,228,648,1420,1420
2022-03-03,160,1394,939,939
2022-01-05,230,442,1715,1715
2022-10-02,247,1327,529,529
2022-05-14,103,301,1121,1121
2022-07-19,218,1860,172,172
2022-04-20,127,1480,1447,1447
2022-05-13,216,796,1757,1757
2022-03-30,126,1504,1809,1809
2022-11-15,131,1204,562,562
2022-09-24,178,1858,246,246
2022-09-23,153,1968,938,938
2022-10-19,167,399,567,567
2022-07-04,179,461,977,977
2022-06-16,235,1601,1262,1262
2022-11-04,246,873,768,768
2022-04-11,147,1170,896,896
2022-05-08,228,130,1420,1420
2022-05-08,199,1668,453,453
2022-09-19,144,1516,92,92
2022-09-06,179,1671,977,977
2022-07-11,171,1876,289,289
2022-11-13,123,825,598,598
2022-03-20,213,340,1991,1991
2022-02-11,209,1137,1018,1018
2022-04-11,114,200,983,983
2022-12-08,226,1006,1559,1559
2022-08-27,177,1460,1263,1263
2022-01-22,121,612,667,667
2022-02-14,247,1426,529,529
2022-11-11,170,1565,764,764
2022-04-16,103,393,1121,1121
2022-10-16,179,514,977,977
2022-08-14,227,758,164,164
2022-03-15,248,1183,1619,1619
2022-06-11,133,844,685,685
2022-05-25,181,885,251,251
2022-09-09,240,1313,607,607
2022-08-01,162,874,1488,1488
2022-03-03,153,221,938,938
2022-11-02,244,786,243,243
2022-08-26,134,1160,769,769
2022-04-17,207,1245,238,238
2022-04-02,214,1973,724,724
2022-11-15,164,1374,1335,1335
2022-08-24,244,1009,243,243
2022-02-28,109,322,548,548
2022-06-15,148,677,102,102
2022-09-18,195,1310,425,425
2022-09-21,110,1131,229,229
2022-04-24,180,206,802,802
2022-07-01,145,1301,1679,1679
2022-04-03,124,711,1296,1296
2022-09-03,188,568,243,243
2022-03-31,135,279,968,968
2022-02-01,152,391,1303,1303
2022-03-31,107,1763,1085,1085
2022-11-24,178,954,246,246
2022-10-20,228,1467,1420,1420
2022-08-13,138,1096,433,433
2022-11-15,245,145,158,158
2022-05-05,102,1664,671,671
2022-11-15,208,308,715,715
2022-08-01,137,584,495,495
2022-03-23,131,51,562,562
2022-10-28,123,1693,598,598
2022-03-01,233,748,749,749
2022-07-14,244,1676,243,243
2022-04-22,210,1145,1028,1028
2022-10-16,225,723,518,518
2022-07-03,100,224,1757,1757
2022-12-24,112,1497,85,85
2022-07-23,130,1416,851,851
2022-10-21,214,1633,724,724
2022-07-06,138,612,433,433
2022-01-15,233,226,749,749
2022-12-10,155,762,902,902
2022-09-25,130,1951,851,851
2022-07-21,147,720,896,896
2022-10-03,132,1474,1682,1682
2022-11-02,216,1806,1757,1757
2022-09-15,127,1583,1447,1447
2022-10-23,192,1836,143,143
2022-02-20,126,181,1809,1809
2022-03-20,150,1200,1915,1915
2022-09-30,200,1061,603,603
2022-02-02,125,431,806,806
2022-08-26,137,372,495,495
2022-09-23,181,1160,251,251
2022-11-17,178,59,246,246
2022-07-20,208,1450,715,715
2022-07-20,189,87,1108,1108
2022-03-01,222,1480,1098,1098
2022-01-25,237,539,1755,1755
2022-12-18,146,1933,1026,1026
2022-02-25,203,1137,1596,1596
2022-11-19,210,1958,1028,1028
2022-05-24,131,669,562,562
2022-04-02,109,323,548,548
2022-04-03,225,1686,518,518
2022-11-29,182,1548,942,942
2022-10-16,158,1904,985,985
2022-05-19,174,1755,1983,1983
2022-11-20,170,1748,764,764
2022-07-03,205,1417,999,999
2022-04-06,201,1325,1309,1309
2022-05-13,238,397,1832,1832
2022-02-08,250,1129,538,538
2022-09-05,110,819,229,229
2022-04-03,213,1532,1991,1991
2022-03-29,215,1151,842,842
2022-06-24,186,1176,751,751
2022-11-27,117,453,1417,1417
2022-10-21,131,1315,562,562
2022-05-03,232,1415,1481,1481
2022-07-25,236,91,1782,1782
2022-05-13,147,1949,896,896
2022-02-10,164,801,1335,1335
2022-05-09,141,1837,235,235
2022-06-02,228,1013,1420,1420
2022-12-21,213,457,1991,1991
2022-12-16,216,1761,1757,1757
2022-08-21,242,801,1300,1300
2022-01-02,146,313,1026,1026
2022-03-30,195,200,425,425
2022-01-31,232,408,1481,1481
2022-07-15,120,811,849,849
2022-02-27,164,1156,1335,1335
2022-03-03,209,251,1018,1018
2022-11-16,137,784,495,495
2022-08-22,241,800,574,574
2022-11-07,170,380,764,764
2022-11-06,230,580,1715,1715
2022-05-06,208,697,715,715
2022-01-12,247,1784,529,529
2022-10-03,215,1306,842,842
2022-01-18,214,1101,724,724
2022-01-28,108,1963,1399,1399
2022-03-15,108,1263,1399,1399
2022-09-09,228,882,1420,1420
2022-12-07,219,1505,335,335
2022-06-14,175,722,1747,1747
2022-07-25,249,413,1791,1791
2022-03-13,129,1666,1414,1414
2022-12-14,199,1007,453,453
2022-08-22,135,1056,968,968
2022-03-20,127,655,1447,1447
2022-02-28,193,1895,98,98
2022-05-18,116,1111,455,455
2022-06-26,224,995,1753,1753
2022-01-07,214,854,724,724
2022-03-28,237,1122,1755,1755
2022-09-01,110,1260,229,229
2022-11-08,145,518,1679,1679
2022-08-11,238,505,1832,1832
2022-12-08,121,474,667,667
2022-10-23,214,1049,724,724
2022-06-04,160,300,939,939
2022-10-04,177,1058,1263,1263
2022-10-31,241,1357,574,574
2022-04-02,157,239,332,332
2022-06-26,211,1959,938,938
2022-03-14,198,1103,1055,1055
2022-09-25,129,1917,1414,1414
2022-02-13,191,202,195,195
2022-02-07,218,763,172,172
2022-04-23,224,1331,1753,1753
2022-12-04,166,1243,1248,1248
2022-07-29,226,593,1559,1559
2022-01-20,124,514,1296,1296
2022-12-04,133,1448,685,685
2022-08-16,113,1331,686,686
2022-05-09,200,748,603,603
2022-03-04,141,293,235,235
2022-07-31,202,784,720,720
2022-11-19,243,748,822,822
2022-11-30,217,1185,1213,1213
2022-12-17,236,299,1782,1782
2022-11-14,168,1652,1780,1780
2022-12-30,240,1185,607,607
2022-07-15,241,1645,574,574
2022-10-20,188,295,243,243
2022-08-26,112,1790,85,85
2022-06-23,176,1779,1357,1357
2022-09-29,146,231,1026,1026
2022-06-12,223,1979,1454,1454
2022-06-04,247,1458,529,529
2022-05-11,129,1797,1414,1414
2022-01-01,102,1679,671,671
2022-12-26,157,285,332,332
2022-05-03,137,978,495,495
2022-11-15,234,322,1117,1117
2022-04-20,115,165,909,909
2022-03-18,179,1558,977,977
2022-09-19,134,1434,769,769
2022-11-10,237,95,1755,1755
2022-06-16,176,666,1357,1357
2022-01-29,232,314,1481,1481
2022-08-10,140,215,755,755
2022-03-29,125,1567,806,806
2022-07-02,152,364,1303,1303
2022-03-30,119,150,75,75
2022-05-02,156,923,69,69
2022-12-28,211,645,938,938
2022-09-28,101,1516,456,456
2022-12-01,225,1711,518,518
2022-09-14,239,1170,1993,1993
2022-07-24,105,568,1462,1462
2022-09-03,177,795,1263,1263
2022-01-27,165,1235,211,211
2022-08-21,212,519,973,973
2022-10-17,233,423,749,749
2022-09-27,146,1081,1026,1026
2022-08-10,223,118,1454,1454
2022-11-16,198,754,1055,1055
2022-02-16,194,558,924,924
2022-12-27,126,1119,1809,1809
2022-08-18,171,240,289,289
2022-06-10,209,1402,1018,1018
2022-06-09,154,172,1655,1655
2022-02-17,121,673,667,667
2022-11-06,188,879,243,243
2022-07-06,228,853,1420,1420
2022-10-31,225,336,518,518
2022-02-20,221,465,963,963
2022-08-05,187,683,120,120
2022-06-27,132,741,1682,1682
2022-04-18,188,1410,243,243
2022-10-22,113,1473,686,686
2022-09-08,157,1861,332,332
2022-10-07,164,1089,1335,1335
2022-04-18,243,838,822,822
2022-03-03,202,1745,720,720
2022-09-07,190,1572,1392,1392
2022-06-20,238,1798,1832,1832
2022-04-12,122,1471,919,919
2022-12-10,185,279,1839,1839
2022-11-03,141,603,235,235
2022-07-02,249,1979,1791,1791
2022-01-03,123,320,598,598
2022-01-01,245,588,158,158
2022-11-11,242,1140,1300,1300
2022-09-11,112,569,85,85
2022-08-08,148,1998,102,102
2022-02-14,249,435,1791,1791
2022-12-24,240,1150,607,607
2022-05-04,134,1597,769,769
2022-06-19,203,216,1596,1596
2022-12-25,135,823,968,968
2022-03-20,186,563,751,751
2022-12-06,163,524,292,292
2022-06-05,179,1270,977,977
2022-11-12,113,557,686,686
2022-07-26,244,574,243,243
2022-08-21,227,447,164,164
2022-02-20,203,596,1596,1596
2022-08-10,196,403,739,739
2022-04-23,218,747,172,172
2022-01-20,145,1945,1679,1679
2022-04-12,179,1450,977,977
2022-09-16,220,1955,595,595
2022-07-12,160,1236,939,939
2022-09-14,221,469,963,963
2022-05-02,247,1083,529,529
2022-06-18,217,953,1213,1213
2022-09-10,215,1138,842,842
2022-10-04,249,1652,1791,1791
2022-05-29,157,1557,332,332
2022-07-27,187,255,120,120
2022-02-21,149,699,1027,1027
2022-01-14,162,1626,1488,1488
2022-04-07,248,1763,1619,1619
2022-07-17,111,1311,1909,1909
2022-12-26,207,200,238,238
2022-07-04,194,1026,924,924
2022-09-09,102,1349,671,671
2022-11-30,172,939,211,211
2022-06-22,115,1944,909,909
2022-04-28,243,1156,822,822
2022-07-23,209,1216,1018,1018
2022-09-06,242,161,1300,1300
2022-06-20,204,149,1250,1250
2022-09-27,165,937,211,211
2022-09-06,203,1037,1596,1596
2022-09-08,220,1917,595,595
2022-06-10,238,1530,1832,1832
2022-12-13,199,1506,453,453
2022-10-27,199,767,453,453
2022-09-21,217,1658,1213,1213
2022-05-29,153,674,938,938
2022-12-26,229,93,1879,1879
2022-07-05,209,999,1018,1018
2022-10-06,197,1731,846,846
2022-05-23,236,136,1782,1782
2022-01-27,170,1949,764,764
2022-04-26,230,1381,1715,1715
2022-06-02,244,662,243,243
2022-05-31,168,1272,1780,1780
2022-11-27,164,1620,1335,1335
2022-09-09,175,797,1747,1747
2022-02-04,104,1222,163,163
2022-01-18,156,1276,69,69
2022-06-25,130,1282,851,851
2022-06-23,176,475,1357,1357
2022-02-20,246,840,768,768
2022-06-21,168,609,1780,1780
2022-04-24,151,1982,1784,1784
2022-01-29,212,1360,973,973
2022-09-19,154,1679,1655,1655
2022-10-30,234,1682,1117,1117
2022-09-18,142,213,1578,1578
2022-01-18,141,1739,235,235
2022-06-07,244,137,243,243
2022-06-13,138,1807,433,433
2022-12-24,168,94,1780,1780
2022-07-19,122,830,919,919
2022-10-07,161,983,1574,1574
2022-04-30,111,1059,1909,1909
2022-09-25,158,546,985,985
2022-05-25,181,1051,251,251
2022-06-27,244,226,243,243
2022-08-17,235,830,1262,1262
2022-02-23,124,1357,1296,1296
2022-08-04,184,684,1258,1258
2022-09-18,115,1985,909,909
2022-01-04,156,1575,69,69
2022-02-28,215,1118,842,842
2022-10-17,187,786,120,120
2022-05-12,221,584,963,963
2022-11-06,231,1051,1719,1719
2022-11-17,148,1236,102,102
2022-08-25,201,545,1309,1309
2022-10-04,234,1453,1117,1117
2022-04-21,241,325,574,574
2022-05-09,156,1993,69,69
2022-05-10,178,1365,246,246
2022-09-08,139,1858,1114,1114
2022-04-08,102,1649,671,671
2022-05-07,198,1989,1055,1055
2022-12-31,110,1421,229,229
2022-11-10,177,1833,1263,1263
2022-05-03,164,1080,1335,1335
2022-09-20,239,324,1993,1993
2022-08-05,126,297,1809,1809
2022-04-24,232,670,1481,1481
2022-05-12,233,1421,749,749
2022-05-15,132,1691,1682,1682
2022-04-22,202,355,720,720
2022-09-26,234,1918,1117,1117
2022-11-04,229,1608,1879,1879
2022-08-27,198,1132,1055,1055
2022-09-15,230,1946,1715,1715
2022-04-01,171,1978,289,289
2022-04-16,187,482,120,120
2022-08-01,147,1856,896,896
2022-11-21,156,705,69,69
2022-12-04,172,1783,211,211
2022-01-17,189,1036,1108,1108
2022-01-03,205,467,999,999
2022-03-09,112,905,85,85
2022-09-29,197,1201,846,846
2022-05-24,212,693,973,973
2022-03-21,232,816,1481,1481
2022-01-17,219,1122,335,335
2022-04-10,212,1771,973,973
2022-01-10,111,1519,1909,1909
2022-07-31,116,1789,455,455
2022-03-04,177,812,1263,1263
2022-01-20,139,471,1114,1114
2022-09-28,197,1521,846,846
2022-04-30,168,1699,1780,1780
2022-09-12,184,1498,1258,1258
2022-08-22,107,116,1085,1085
2022-02-06,243,805,822,822
2022-10-29,128,1299,1375,1375
2022-09-01,242,1342,1300,1300
2022-03-10,203,1036,1596,1596
2022-02-25,134,1285,769,769
2022-10-01,155,1040,902,902
2022-06-20,195,506,425,425
2022-01-08,210,1721,1028,1028
2022-10-14,132,565,1682,1682
2022-12-24,191,785,195,195
2022-09-15,102,1399,671,671
2022-02-11,215,1399,842,842
2022-03-04,231,720,1719,1719
2022-05-01,238,117,1832,1832
2022-05-02,152,1414,1303,1303
2022-04-20,250,290,538,538
2022-07-06,233,1059,749,749
2022-08-05,108,920,1399,1399
2022-10-17,150,1531,1915,1915
2022-01-07,227,602,164,164
2022-08-28,199,109,453,453
2022-08-15,191,1476,195,195
2022-10-25,220,1400,595,595
2022-08-02,139,149,1114,1114
2022-12-23,198,1920,1055,1055
2022-10-08,129,1044,1414,1414
2022-07-27,113,484,686,686
2022-12-19,215,1451,842,842
2022-02-27,227,232,164,164
2022-07-22,181,182,251,251
2022-06-05,222,1364,1098,1098
2022-07-15,158,1701,985,985
2022-04-04,218,1461,172,172
2022-02-01,136,1314,1300,1300
2022-06-26,157,1859,332,332
2022-03-02,213,1269,1991,1991
2022-04-02,232,1525,1481,1481
2022-02-15,183,1367,1328,1328
2022-01-13,160,1747,939,939
2022-12-01,151,183,1784,1784
2022-01-15,115,1935,909,909
2022-05-14,243,1615,822,822
2022-03-03,136,419,1300,1300
2022-07-08,135,787,968,968
2022-01-27,176,1663,1357,1357
2022-03-09,222,547,1098,1098
2022-10-24,130,733,851,851
2022-10-03,125,1044,806,806
2022-11-26,114,1016,983,983
2022-03-06,174,1472,1983,1983
2022-04-16,108,1991,1399,1399
2022-01-07,145,1182,1679,1679
2022-04-17,222,393,1098,1098
2022-05-15,225,1075,518,518
2022-02-11,133,1030,685,685
2022-02-25,169,1416,1017,1017
2022-02-13,119,1519,75,75
2022-01-09,159,1743,470,470
2022-05-10,151,1863,1784,1784
2022-08-29,125,304,806,806
2022-10-30,250,1381,538,538
2022-12-04,172,996,211,211
2022-02-23,220,603,595,595
2022-02-13,208,1767,715,715
2022-03-09,202,1378,720,720
2022-02-15,115,1683,909,909
2022-02-07,216,285,1757,1757
2022-04-28,227,374,164,164
2022-01-18,246,743,768,768
2022-05-16,243,1071,822,822
2022-06-21,217,372,1213,1213
2022-06-13,186,146,751,751
2022-03-30,222,777,1098,1098
2022-02-27,120,653,849,849
2022-06-25,146,979,1026,1026
2022-03-06,168,648,1780,1780
2022-10-08,211,1797,938,938
2022-07-27,229,1862,1879,1879
2022-11-03,231,297,1719,1719
2022-10-25,222,1827,1098,1098
2022-01-30,229,1221,1879,1879
2022-12-16,168,841,1780,1780
2022-06-10,200,290,603,603
2022-06-13,234,816,1117,1117
2022-10-02,167,341,567,567
2022-05-20,123,1658,598,598
2022-07-30,122,120,919,919
2022-09-22,141,895,235,235
2022-02-06,217,1592,1213,1213
2022-12-10,223,1121,1454,1454
2022-11-28,215,1550,842,842
2022-11-28,126,1697,1809,1809
2022-09-25,112,1274,85,85
2022-11-02,216,1548,1757,1757
2022-12-14,192,296,143,143
2022-02-18,243,1499,822,822
2022-03-11,104,1675,163,163
2022-04-09,142,355,1578,1578
2022-02-15,103,1843,1121,1121
2022-03-06,219,1868,335,335
2022-10-23,150,1550,1915,1915
2022-07-15,186,1565,751,751
2022-01-01,205,994,999,999
2022-06-04,102,887,671,671
2022-02-01,162,1291,1488,1488
2022-12-26,161,1985,1574,1574
2022-02-22,202,470,720,720
2022-05-09,145,1566,1679,1679
2022-03-17,198,1579,1055,1055
2022-10-10,144,1448,92,92
2022-11-11,160,1375,939,939
2022-09-27,100,53,1757,1757
2022-08-04,100,1931,1757,1757
2022-10-29,237,1984,1755,1755
2022-09-23,126,423,1809,1809
2022-05-02,113,870,686,686
2022-06-19,161,1395,1574,1574
2022-05-04,214,1887,724,724
2022-08-08,226,1144,1559,1559
2022-10-21,121,993,667,667
2022-10-14,118,947,1246,1246
2022-12-22,165,139,211,211
2022-06-20,136,791,1300,1300
2022-01-27,145,1759,1679,1679
2022-06-12,175,1998,1747,1747
2022-08-27,198,270,1055,1055
2022-06-21,172,1854,211,211
2022-07-14,141,572,235,235
2022-08-08,115,108,909,909
2022-01-29,144,769,92,92
2022-04-07,192,374,143,143
2022-07-01,247,338,529,529
2022-05-09,215,1488,842,842
2022-07-26,168,1883,1780,1780
2022-12-07,148,1414,102,102
2022-06-05,158,1270,985,985
2022-09-17,248,1688,1619,1619
2022-12-04,115,605,909,909
2022-04-27,131,830,562,562
2022-12-27,233,1945,749,749
2022-12-06,214,979,724,724
2022-01-01,101,1453,456,456
2022-10-21,122,675,919,919
2022-06-24,187,857,120,120
2022-07-02,155,293,902,902
2022-09-01,199,139,453,453
2022-09-23,119,437,75,75
2022-04-09,144,1215,92,92
2022-10-25,158,562,985,985
2022-05-13,104,1878,163,163
2022-09-15,164,1117,1335,1335
2022-07-26,246,1115,768,768
2022-06-06,175,1271,1747,1747
2022-01-24,174,562,1983,1983
2022-01-15,120,1871,849,849
2022-04-08,178,778,246,246
2022-12-21,205,645,999,999
2022-09-01,134,538,769,769
2022-03-15,211,297,938,938
2022-07-25,200,500,603,603
2022-11-29,169,1120,1017,1017
2022-09-02,152,1838,1303,1303
2022-01-15,214,92,724,724
2022-04-01,123,759,598,598
2022-10-26,158,1681,985,985
2022-04-06,183,1403,1328,1328
2022-10-17,192,1059,143,143
2022-08-22,242,1143,1300,1300
2022-07-06,240,307,607,607
2022-08-04,177,1064,1263,1263
2022-12-13,210,519,1028,1028
2022-11-05,160,1924,939,939
2022-06-13,128,1291,1375,1375
2022-07-01,162,829,1488,1488
2022-10-27,247,1947,529,529
2022-06-20,104,388,163,163
2022-12-30,197,675,846,846
2022-04-25,106,834,1726,1726
2022-09-07,130,324,851,851
2022-03-02,204,1404,1250,1250
2022-09-30,191,95,195,195
2022-05-28,149,1602,1027,1027
2022-09-17,209,1425,1018,1018
2022-05-10,135,765,968,968
2022-04-21,211,491,938,938
2022-09-28,130,616,851,851
2022-10-22,142,231,1578,1578
2022-11-01,229,483,1879,1879
2022-09-28,191,884,195,195
2022-10-09,125,1549,806,806
2022-02-12,105,1641,1462,1462
2022-05-25,161,1452,1574,1574
2022-01-25,181,328,251,251
2022-04-07,133,1534,685,685
2022-03-12,161,354,1574,1574
2022-01-09,185,1512,1839,1839
2022-11-19,215,1251,842,842
2022-11-19,126,1757,1809,1809
2022-01-03,133,986,685,685
2022-07-30,217,509,1213,1213
2022-03-22,174,1164,1983,1983
2022-04-01,162,1363,1488,1488
2022-12-07,114,994,983,983
2022-01-25,161,165,1574,1574
2022-08-25,171,895,289,289
2022-12-23,158,1115,985,985
2022-04-02,214,1173,724,724
2022-04-07,238,1616,1832,1832
2022-03-11,229,1220,1879,1879
2022-12-21,243,1366,822,822
2022-02-02,166,604,1248,1248
2022-02-02,212,930,973,973
2022-01-12,179,211,977,977
2022-12-25,159,104,470,470
2022-07-26,201,1081,1309,1309
2022-07-16,123,1432,598,598
2022-12-23,175,606,1747,1747
2022-05-24,244,465,243,243
2022-11-14,174,1526,1983,1983
2022-12-16,222,1656,1098,1098
2022-12-20,178,1354,246,246
2022-06-14,119,1527,75,75
2022-12-18,218,1966,172,172
2022-08-30,159,633,470,470
2022-12-07,170,1174,764,764
2022-02-01,179,913,977,977
2022-08-17,176,653,1357,1357
2022-01-31,124,1734,1296,1296
2022-04-14,138,377,433,433
2022-01-03,184,1520,1258,1258
2022-01-31,243,247,822,822
2022-02-27,156,373,69,69
2022-06-29,122,1498,919,919
2022-06-12,180,578,802,802
2022-11-29,104,795,163,163
2022-10-25,125,839,806,806
2022-08-08,108,1091,1399,1399
2022-05-03,141,1513,235,235
2022-03-18,109,891,548,548
2022-06-05,189,489,1108,1108
2022-10-29,189,414,1108,1108
2022-12-30,165,1392,211,211
2022-02-13,106,289,1726,1726
2022-05-01,127,1851,1447,1447
2022-05-11,236,744,1782,1782
2022-06-09,113,317,686,686
2022-03-14,232,721,1481,1481
2022-02-11,181,1154,251,251
2022-05-16,136,1741,1300,1300
2022-08-02,169,1997,1017,1017
2022-11-21,224,1096,1753,1753
2022-03-31,123,162,598,598
2022-04-28,193,1484,98,98
2022-08-12,209,679,1018,1018
2022-04-28,130,102,851,851
2022-12-22,208,1414,715,715
2022-11-03,136,690,1300,1300
2022-11-09,107,860,1085,1085
2022-04-12,201,429,1309,1309
2022-06-22,115,53,909,909
2022-11-16,208,1158,715,715
2022-02-15,228,1256,1420,1420
2022-07-19,137,834,495,495
2022-10-12,150,1277,1915,1915
2022-07-08,213,507,1991,1991
2022-03-30,185,1028,1839,1839
2022-11-06,129,869,1414,1414
2022-10-07,101,1258,456,456
2022-04-06,125,1952,806,806
2022-03-09,209,1624,1018,1018
2022-09-01,126,570,1809,1809
2022-12-02,167,294,567,567
2022-07-21,142,469,1578,1578
2022-05-30,248,1554,1619,1619
2022-06-16,212,1999,973,973
2022-09-14,146,1187,1026,1026
2022-06-14,141,1729,235,235
2022-08-10,233,329,749,749
2022-05-04,206,1332,732,732
2022-11-17,234,1572,1117,1117
2022-07-02,145,105,1679,1679
2022-10-07,101,393,456,456
2022-09-28,123,734,598,598
2022-04-08,195,1369,425,425
2022-07-20,181,1529,251,251
2022-06-08,206,1077,732,732
2022-02-25,227,657,164,164
2022-10-02,117,87,1417,1417
2022-12-05,169,1549,1017,1017
2022-06-30,156,740,69,69
2022-03-17,135,304,968,968
2022-02-08,164,241,1335,1335
2022-10-21,114,887,983,983
2022-01-18,169,301,1017,1017
2022-06-15,182,1973,942,942
2022-06-28,184,283,1258,1258
2022-02-07,175,595,1747,1747
2022-12-13,249,1134,1791,1791
2022-06-16,133,1423,685,685
2022-08-27,185,187,1839,1839
2022-11-06,148,465,102,102
2022-07-04,163,749,292,292
2022-05-29,104,457,163,163
2022-12-21,129,721,1414,1414
2022-07-04,119,292,75,75
2022-10-23,155,1308,902,902
2022-09-22,220,1586,595,595
2022-09-29,204,1972,1250,1250
2022-02-05,194,519,924,924
2022-04-26,104,279,163,163
2022-04-07,131,1421,562,562
2022-10-19,180,869,802,802
2022-03-16,146,68,1026,1026
2022-11-23,165,1893,211,211
2022-11-25,218,1636,172,172
2022-04-09,221,325,963,963
2022-02-07,229,1944,1879,1879
2022-03-29,208,1129,715,715
2022-08-22,157,558,332,332
2022-11-15,114,1807,983,983
2022-08-19,218,1618,172,172
2022-12-01,135,1698,968,968
2022-10-16,182,604,942,942
2022-02-04,177,1936,1263,1263
2022-03-07,250,1229,538,538
2022-06-24,232,766,1481,1481
2022-12-10,157,656,332,332
2022-11-12,143,940,234,234
2022-09-15,110,317,229,229
2022-12-06,225,1085,518,518
2022-03-03,145,1660,1679,1679
2022-02-07,223,278,1454,1454
2022-05-09,102,51,671,671
2022-09-29,239,1814,1993,1993
2022-09-07,131,366,562,562
2022-09-08,144,1532,92,92
2022-10-01,134,595,769,769
2022-01-24,234,776,1117,1117
2022-07-26,234,1034,1117,1117
2022-12-24,165,1783,211,211
2022-02-18,242,1725,1300,1300
2022-10-29,109,661,548,548
2022-06-19,238,1098,1832,1832
2022-07-27,201,63,1309,1309
2022-05-13,239,189,1993,1993
2022-03-07,236,319,1782,1782
2022-09-24,142,1424,1578,1578
2022-01-23,116,324,455,455
2022-08-04,116,53,455,455
2022-05-14,149,1834,1027,1027
2022-12-21,247,562,529,529
2022-04-25,213,847,1991,1991
2022-08-21,217,1427,1213,1213
2022-03-18,101,1396,456,456
2022-11-11,207,837,238,238
2022-08-26,152,1552,1303,1303
2022-11-22,156,987,69,69
2022-08-26,192,1915,143,143
2022-03-24,162,1560,1488,1488
2022-06-11,171,528,289,289
2022-11-05,116,971,455,455
2022-12-23,206,1901,732,732
2022-07-17,101,265,456,456
2022-04-23,135,1034,968,968
2022-08-24,147,507,896,896
2022-02-01,143,1909,234,234
2022-09-04,164,1150,1335,1335
2022-09-20,217,1335,1213,1213
2022-09-08,141,1437,235,235
2022-10-29,171,244,289,289
2022-08-24,188,602,243,243
2022-06-28,123,1942,598,598
2022-05-13,155,834,902,902
2022-10-20,185,482,1839,1839
2022-05-03,158,1928,985,985
2022-01-13,153,1298,938,938
2022-10-07,236,1949,1782,1782
2022-07-01,226,291,1559,1559
2022-02-18,240,1927,607,607
2022-07-21,137,1149,495,495
2022-01-19,232,364,1481,1481
2022-09-10,243,273,822,822
2022-08-25,208,180,715,715
2022-12-23,124,1960,1296,1296
2022-11-05,234,1344,1117,1117
2022-06-22,247,128,529,529
2022-09-22,135,292,968,968
2022-09-26,113,442,686,686
2022-06-04,226,622,1559,1559
2022-05-02,132,1323,1682,1682
2022-01-23,102,368,671,671
2022-10-13,231,1448,1719,1719
2022-10-15,189,1475,1108,1108
2022-02-05,246,442,768,768
2022-02-07,138,463,433,433
2022-02-01,101,1260,456,456
2022-01-19,167,1598,567,567
2022-08-25,158,99,985,985
2022-03-10,122,371,919,919
2022-06-28,134,407,769,769
2022-10-27,193,1705,98,98
2022-01-02,131,335,562,562
2022-11-18,206,1864,732,732
2022-02-25,110,246,229,229
2022-10-02,126,1040,1809,1809
2022-10-10,223,296,1454,1454
2022-01-05,152,546,1303,1303
2022-03-12,209,1537,1018,1018
2022-08-19,110,829,229,229
2022-03-02,248,1287,1619,1619
2022-01-19,211,840,938,938
2022-11-19,224,1388,1753,1753
2022-02-13,191,139,195,195
2022-11-07,148,1415,102,102
2022-05-08,229,689,1879,1879
2022-08-21,214,590,724,724
2022-12-07,226,1124,1559,1559
2022-11-11,206,1381,732,732
2022-12-03,179,1033,977,977
2022-02-21,228,838,1420,1420
2022-05-11,214,496,724,724
2022-12-09,176,1605,1357,1357
2022-11-13,236,53,1782,1782
2022-09-18,122,463,919,919
2022-11-30,120,1228,849,849
2022-06-23,101,1505,456,456
2022-02-19,221,1857,963,963
2022-07-29,196,981,739,739
2022-04-16,148,1244,102,102
2022-11-19,177,1881,1263,1263
2022-03-07,203,627,1596,1596
2022-02-04,168,1480,1780,1780
2022-02-22,133,626,685,685
2022-08-08,169,1605,1017,1017
2022-02-18,126,350,1809,1809
2022-02-25,181,508,251,251
2022-03-18,194,141,924,924
2022-12-11,174,491,1983,1983
2022-04-17,212,257,973,973
2022-07-05,120,538,849,849
2022-01-06,195,1267,425,425
2022-01-16,193,727,98,98
2022-05-31,215,1851,842,842
2022-05-06,172,879,211,211
2022-12-16,189,898,1108,1108
2022-06-01,190,1195,1392,1392
2022-07-04,155,848,902,902
2022-08-16,201,999,1309,1309
2022-03-03,149,812,1027,1027
2022-12-10,176,1780,1357,1357
2022-03-20,143,1864,234,234
2022-09-06,218,1198,172,172
2022-12-26,239,1154,1993,1993
2022-09-15,238,1628,1832,1832
2022-10-11,250,1351,538,538
2022-07-31,215,1130,842,842
2022-09-01,127,512,1447,1447
2022-02-20,191,317,195,195
2022-02-03,201,861,1309,1309
2022-04-25,112,477,85,85
2022-03-26,219,311,335,335
2022-08-20,100,1015,1757,1757
2022-10-27,207,1679,238,238
2022-06-06,184,536,1258,1258
2022-11-02,182,118,942,942
2022-05-19,215,1076,842,842
2022-02-11,230,1054,1715,1715
2022-01-17,245,1464,158,158
2022-06-23,149,528,1027,1027
2022-07-26,135,1194,968,968
2022-09-04,165,471,211,211
2022-08-14,125,643,806,806
2022-02-11,138,85,433,433
2022-11-19,238,1063,1832,1832
2022-06-25,118,1434,1246,1246
2022-08-08,152,1224,1303,1303
2022-12-02,133,907,685,685
2022-10-14,230,857,1715,1715
2022-12-20,122,491,919,919
2022-04-01,110,527,229,229
2022-04-07,236,1068,1782,1782
2022-12-15,119,1937,75,75
2022-05-11,141,97,235,235
2022-06-16,172,267,211,211
2022-10-22,122,1738,919,919
2022-01-06,100,1919,1757,1757
2022-07-06,125,1899,806,806
2022-03-04,241,1869,574,574
2022-02-11,211,817,938,938
2022-01-04,116,256,455,455
2022-07-20,234,1496,1117,1117
2022-09-02,135,1613,968,968
2022-03-19,232,267,1481,1481
2022-10-29,230,191,1715,1715
2022-05-26,232,1009,1481,1481
2022-03-27,222,1829,1098,1098
2022-11-11,170,1420,764,764
2022-03-07,177,1269,1263,1263
2022-08-30,154,1182,1655,1655
2022-11-26,180,1094,802,802
2022-10-24,174,1510,1983,1983
2022-02-22,151,1990,1784,1784
2022-07-26,225,292,518,518
2022-03-12,197,579,846,846
2022-11-27,160,625,939,939
2022-08-12,118,851,1246,1246
2022-09-02,150,1040,1915,1915
2022-07-26,151,1789,1784,1784
2022-10-03,205,764,999,999
2022-10-20,135,292,968,968
2022-11-27,117,1954,1417,1417
2022-02-11,126,519,1809,1809
2022-10-04,120,784,849,849
2022-04-26,188,898,243,243
2022-09-01,172,1413,211,211
2022-02-19,244,1516,243,243
2022-05-25,119,166,75,75
2022-05-02,191,184,195,195
2022-10-22,250,1092,538,538
2022-11-19,219,1204,335,335
2022-06-07,212,746,973,973
2022-01-13,131,1937,562,562
2022-08-17,192,1191,143,143
2022-07-13,216,558,1757,1757
2022-09-16,151,1175,1784,1784
2022-05-19,218,610,172,172
2022-01-26,202,1754,720,720
2022-01-04,170,873,764,764
2022-04-05,109,271,548,548
2022-09-04,208,1597,715,715
2022-10-09,162,769,1488,1488
2022-11-19,232,828,1481,1481
2022-07-29,130,664,851,851
2022-09-18,196,380,739,739
2022-09-14,206,771,732,732
2022-12-16,226,1682,1559,1559
2022-09-10,248,761,1619,1619
2022-06-23,165,763,211,211
2022-10-31,176,1207,1357,1357
2022-08-21,215,495,842,842
2022-03-14,245,1471,158,158
2022-03-31,226,1355,1559,1559
2022-03-03,238,1574,1832,1832
2022-01-06,103,1866,1121,1121
2022-06-10,152,1112,1303,1303
2022-09-22,157,1666,332,332
2022-01-30,210,83,1028,1028
2022-06-04,218,1719,172,172
2022-05-17,160,1843,939,939
2022-07-15,141,1942,235,235
2022-01-13,131,100,562,562
2022-03-18,197,1591,846,846
2022-08-02,231,912,1719,1719
2022-02-10,193,1280,98,98
2022-02-28,188,1254,243,243
2022-12-27,107,1231,1085,1085
2022-07-24,152,329,1303,1303
2022-06-24,174,421,1983,1983
2022-04-05,111,1567,1909,1909
2022-01-23,227,597,164,164
2022-04-18,156,1945,69,69
2022-05-20,231,1231,1719,1719
2022-06-20,212,414,973,973
2022-05-19,122,1336,919,919
2022-07-10,215,113,842,842
2022-02-22,145,1627,1679,1679
2022-04-28,104,1041,163,163
2022-07-21,132,246,1682,1682
2022-02-28,193,193,98,98
2022-08-12,137,136,495,495
2022-04-20,119,1382,75,75
2022-01-14,125,936,806,806
2022-09-04,224,1609,1753,1753
2022-07-05,120,567,849,849
2022-08-04,226,93,1559,1559
2022-05-20,188,442,243,243
2022-09-29,133,397,685,685
2022-08-04,236,688,1782,1782
2022-11-15,178,1735,246,246
2022-05-31,148,1296,102,102
2022-08-02,228,928,1420,1420
2022-04-16,148,1453,102,102
2022-07-13,185,153,1839,1839
2022-12-01,122,614,919,919
2022-01-19,174,577,1983,1983
2022-12-28,135,1369,968,968
2022-03-11,110,1757,229,229
2022-04-16,110,1424,229,229
2022-10-30,187,606,120,120
2022-01-20,236,1472,1782,1782
2022-12-18,151,393,1784,1784
2022-01-24,242,1777,1300,1300
2022-01-29,244,873,243,243
2022-11-23,243,1342,822,822
2022-08-01,112,617,85,85
2022-12-07,180,1679,802,802
2022-08-02,151,815,1784,1784
2022-01-11,238,1460,1832,1832
2022-05-02,215,168,842,842
2022-06-20,202,1810,720,720
2022-12-07,117,1130,1417,1417
2022-11-28,222,1317,1098,1098
2022-08-22,156,1399,69,69
2022-03-29,158,1659,985,985
2022-11-07,215,1814,842,842
2022-08-15,187,1848,120,120
2022-10-15,138,1162,433,433
2022-03-23,152,1073,1303,1303
2022-06-25,163,1084,292,292
2022-10-09,107,1972,1085,1085
2022-06-12,172,1207,211,211
2022-12-19,223,681,1454,1454
2022-09-10,108,544,1399,1399
2022-07-28,179,124,977,977
2022-02-21,113,1049,686,686
2022-02-27,125,468,806,806
2022-12-25,178,73,246,246
2022-07-26,250,1775,538,538
2022-02-28,218,1030,172,172
2022-04-06,152,1431,1303,1303
2022-11-18,220,1801,595,595
2022-10-28,198,430,1055,1055
2022-05-23,112,243,85,85
2022-11-09,170,501,764,764
2022-06-17,210,1074,1028,1028
2022-10-10,223,1508,1454,1454
2022-07-21,178,1933,246,246
2022-06-25,234,1558,1117,1117
2022-11-22,212,1823,973,973
2022-05-01,249,1007,1791,1791
2022-07-15,192,1182,143,143
2022-03-09,229,699,1879,1879
2022-06-30,129,350,1414,1414
2022-05-20,181,1989,251,251
2022-12-14,189,1550,1108,1108
2022-01-14,218,239,172,172
2022-11-16,133,669,685,685
2022-05-02,159,317,470,470
2022-04-08,159,1277,470,470
2022-06-27,223,1040,1454,1454
2022-10-25,238,1854,1832,1832
2022-09-25,141,1385,235,235
2022-03-14,148,1497,102,102
2022-01-08,109,156,548,548
2022-01-03,164,569,1335,1335
2022-10-23,236,1105,1782,1782
2022-09-21,100,1018,1757,1757
2022-08-21,224,1276,1753,1753
2022-08-14,227,1702,164,164
2022-10-24,206,248,732,732
2022-11-03,161,764,1574,1574
2022-05-14,221,835,963,963
2022-03-01,127,53,1447,1447
2022-06-10,166,1612,1248,1248
2022-11-04,145,829,1679,1679
2022-06-20,226,1759,1559,1559
2022-11-24,246,1476,768,768
2022-09-09,126,914,1809,1809
2022-11-14,197,1760,846,846
2022-03-08,120,729,849,849
2022-03-17,162,391,1488,1488
2022-07-20,212,665,973,973
2022-11-25,143,912,234,234
2022-02-24,106,1172,1726,1726
2022-01-09,164,495,1335,1335
2022-05-12,206,1824,732,732
2022-07-05,117,1597,1417,1417
2022-03-21,187,1531,120,120
2022-10-01,208,516,715,715
2022-03-25,211,491,938,938
2022-12-07,151,654,1784,1784
2022-05-05,184,1759,1258,1258
2022-08-20,249,1196,1791,1791
2022-10-24,174,1931,1983,1983
2022-03-05,222,142,1098,1098
2022-02-10,189,219,1108,1108
2022-03-21,171,259,289,289
2022-08-16,124,1708,1296,1296
2022-10-15,222,549,1098,1098
2022-01-25,240,337,607,607
2022-08-27,139,1415,1114,1114
2022-10-28,228,1830,1420,1420
2022-08-18,168,573,1780,1780
2022-07-28,169,1052,1017,1017
2022-03-13,186,1608,751,751
2022-08-08,181,249,251,251
2022-09-02,230,718,1715,1715
2022-09-01,112,949,85,85
2022-07-14,162,455,1488,1488
2022-05-24,230,197,1715,1715
2022-07-09,141,244,235,235
2022-03-24,248,1182,1619,1619
2022-11-16,245,1734,158,158
2022-02-02,184,448,1258,1258
2022-07-11,221,1011,963,963
2022-05-30,216,1557,1757,1757
2022-06-06,180,98,802,802
2022-04-28,154,246,1655,1655
2022-11-12,126,1026,1809,1809
2022-02-06,142,1585,1578,1578
2022-05-27,203,742,1596,1596
2022-12-20,120,342,849,849
2022-01-08,228,1190,1420,1420
2022-09-19,195,234,425,425
2022-05-24,214,1242,724,724
2022-12-12,192,185,143,143
2022-08-02,116,962,455,455
2022-01-23,100,1217,1757,1757
2022-10-20,188,1117,243,243
2022-10-12,197,1625,846,846
2022-06-23,108,1938,1399,1399
2022-08-17,134,1576,769,769
2022-01-21,180,1785,802,802
2022-09-02,193,1534,98,98
2022-07-01,176,1681,1357,1357
2022-03-07,250,1371,538,538
2022-11-28,185,1695,1839,1839
2022-03-07,223,242,1454,1454
2022-01-04,187,201,120,120
2022-07-13,122,356,919,919
2022-01-25,238,1029,1832,1832
2022-06-20,174,1876,1983,1983
2022-07-01,140,773,755,755
2022-08-05,244,1361,243,243
2022-01-08,157,1334,332,332
2022-07-07,120,1291,849,849
2022-04-28,131,1401,562,562
2022-04-28,108,1831,1399,1399
2022-03-29,194,1756,924,924
2022-05-19,161,1330,1574,1574
2022-03-25,149,1854,1027,1027
2022-06-07,229,269,1879,1879
2022-11-07,233,1886,749,749
2022-05-31,157,1351,332,332
2022-09-16,226,640,1559,1559
2022-06-04,242,59,1300,1300
2022-06-17,199,759,453,453
2022-11-25,104,1479,163,163
2022-02-28,191,1947,195,195
2022-03-02,191,894,195,195
2022-01-17,191,1498,195,195
2022-02-01,233,1984,749,749
2022-07-13,239,1157,1993,1993
2022-06-30,248,837,1619,1619
2022-10-21,133,1675,685,685
2022-07-28,171,1570,289,289
2022-11-17,138,1246,433,433
2022-04-16,216,1511,1757,1757
2022-05-14,195,1842,425,425
2022-06-11,147,751,896,896
2022-12-31,142,717,1578,1578
2022-09-05,149,604,1027,1027
2022-04-04,176,593,1357,1357
2022-11-25,114,589,983,983
2022-05-01,143,868,234,234
2022-07-10,105,1287,1462,1462
2022-07-02,228,1482,1420,1420
2022-08-06,197,888,846,846
2022-10-16,142,963,1578,1578
2022-12-03,169,913,1017,1017
2022-03-30,233,1306,749,749
2022-02-20,166,1800,1248,1248
2022-10-09,119,265,75,75
2022-04-19,125,841,806,806
2022-06-08,134,239,769,769
2022-06-05,129,1580,1414,1414
2022-06-20,125,1725,806,806
2022-08-01,197,846,846,846
2022-09-12,248,141,1619,1619
2022-05-04,185,1766,1839,1839
2022-03-15,248,1417,1619,1619
2022-04-21,151,730,1784,1784
2022-01-04,217,105,1213,1213
2022-09-07,199,1486,453,453
2022-06-18,122,188,919,919
2022-07-06,249,1865,1791,1791
2022-11-15,222,314,1098,1098
2022-11-25,239,1592,1993,1993
2022-03-02,161,1622,1574,1574
2022-12-14,155,1415,902,902
2022-06-01,244,602,243,243
2022-06-21,219,359,335,335
2022-03-10,141,600,235,235
2022-08-31,127,159,1447,1447
2022-04-21,183,772,1328,1328
2022-09-04,221,747,963,963
2022-08-11,210,691,1028,1028
2022-05-03,178,1650,246,246
2022-08-02,135,1785,968,968
2022-06-21,133,1935,685,685
2022-09-07,241,1752,574,574
2022-05-05,135,278,968,968
2022-10-17,217,1082,1213,1213
2022-11-16,165,978,211,211
2022-03-25,170,1476,764,764
2022-01-26,128,223,1375,1375
2022-05-29,217,1523,1213,1213
2022-05-28,127,888,1447,1447
2022-12-11,172,792,211,211
2022-08-08,237,1994,1755,1755
2022-06-08,232,463,1481,1481
2022-05-24,148,1401,102,102
2022-07-18,130,1731,851,851
2022-10-19,196,50,739,739
2022-09-13,250,1796,538,538
2022-10-08,114,1382,983,983
2022-09-16,118,708,1246,1246
2022-01-26,237,1395,1755,1755
2022-10-20,162,1298,1488,1488
2022-08-19,100,1866,1757,1757
2022-07-25,235,828,1262,1262
2022-11-07,229,129,1879,1879
2022-03-29,202,1452,720,720
2022-11-07,169,131,1017,1017
2022-06-05,165,1643,211,211
2022-02-13,203,1840,1596,1596
2022-03-10,194,1351,924,924
2022-01-15,160,279,939,939
2022-04-14,100,1113,1757,1757
2022-07-15,147,974,896,896
2022-01-01,215,1328,842,842
2022-06-18,220,855,595,595
2022-07-22,184,839,1258,1258
2022-12-13,108,1478,1399,1399
2022-04-24,204,501,1250,1250
2022-12-11,212,172,973,973
2022-05-14,102,956,671,671
2022-03-02,139,1668,1114,1114
2022-04-14,122,1668,919,919
2022-07-28,199,423,453,453
2022-05-23,112,1378,85,85
2022-05-05,182,544,942,942
2022-07-17,201,324,1309,1309
2022-12-18,167,648,567,567
2022-05-20,246,414,768,768
2022-11-19,103,1526,1121,1121
2022-02-27,234,68,1117,1117
2022-12-03,146,1386,1026,1026
2022-10-14,237,1898,1755,1755
2022-11-29,107,1441,1085,1085
2022-09-15,236,460,1782,1782
2022-05-25,158,1697,985,985
2022-09-16,119,1876,75,75
2022-07-16,223,1220,1454,1454
2022-08-28,158,703,985,985
2022-02-16,179,1976,977,977
2022-12-06,157,859,332,332
2022-01-04,155,1082,902,902
2022-08-16,111,1123,1909,1909
2022-10-09,191,1279,195,195
2022-06-10,185,729,1839,1839
2022-07-20,213,1703,1991,1991
2022-07-03,231,1866,1719,1719
2022-11-25,129,544,1414,1414
2022-03-19,205,1275,999,999
2022-03-28,126,1402,1809,1809
2022-07-12,201,1827,1309,1309
2022-10-01,147,1583,896,896
2022-05-11,184,1681,1258,1258
2022-11-07,169,997,1017,1017
2022-03-08,128,639,1375,1375
2022-05-26,217,1079,1213,1213
2022-06-02,156,984,69,69
2022-09-25,171,1616,289,289
2022-03-30,144,1660,92,92
2022-06-26,187,1021,120,120
2022-09-12,152,340,1303,1303
2022-03-11,107,1496,1085,1085
2022-08-23,177,425,1263,1263
2022-09-20,173,309,1972,1972
2022-12-30,217,1772,1213,1213
2022-04-03,177,1007,1263,1263
2022-03-05,106,1231,1726,1726
2022-06-03,195,878,425,425
2022-06-02,147,1238,896,896
2022-08-09,133,1765,685,685
2022-03-07,222,268,1098,1098
2022-04-26,241,1835,574,574
2022-09-11,190,1762,1392,1392
2022-10-30,142,1268,1578,1578
2022-01-21,189,1769,1108,1108
2022-12-28,232,1887,1481,1481
2022-01-03,151,279,1784,1784
2022-05-22,159,745,470,470
2022-10-22,109,1706,548,548
2022-03-27,124,1536,1296,1296
2022-04-28,103,741,1121,1121
2022-03-27,167,354,567,567
2022-08-05,241,147,574,574
2022-12-05,250,265,538,538
2022-09-07,110,1058,229,229
2022-05-02,213,229,1991,1991
2022-09-30,126,342,1809,1809
2022-12-10,148,1379,102,102
2022-12-06,181,1840,251,251
2022-01-06,249,1395,1791,1791
2022-10-12,162,1255,1488,1488
2022-11-09,121,1822,667,667
2022-06-29,232,739,1481,1481
2022-12-10,211,64,938,938
2022-03-02,117,600,1417,1417
2022-04-19,167,610,567,567
2022-04-30,169,1393,1017,1017
2022-02-10,145,833,1679,1679
2022-02-03,171,485,289,289
2022-09-27,125,378,806,806
2022-04-09,196,191,739,739
2022-09-07,194,637,924,924
2022-02-09,140,471,755,755
2022-10-14,223,284,1454,1454
2022-01-22,178,677,246,246
2022-06-07,246,961,768,768
2022-06-25,135,858,968,968
2022-08-24,206,825,732,732
2022-08-09,140,1020,755,755
2022-10-03,215,249,842,842
2022-04-29,159,1245,470,470
2022-12-26,112,489,85,85
2022-04-17,157,1557,332,332
2022-04-13,163,1016,292,292
2022-09-04,154,1486,1655,1655
2022-02-24,216,902,1757,1757
2022-07-25,185,697,1839,1839
2022-03-16,125,1735,806,806
2022-01-31,241,1405,574,574
2022-08-17,242,137,1300,1300
2022-10-17,131,1405,562,562
2022-05-12,217,1758,1213,1213
2022-07-27,224,1986,1753,1753
2022-09-19,133,1610,685,685
2022-01-03,226,1287,1559,1559
2022-01-30,195,380,425,425
2022-02-27,108,1845,1399,1399
2022-02-05,185,1950,1839,1839
2022-11-07,186,1722,751,751
2022-09-08,112,1280,85,85
2022-10-24,123,1555,598,598
2022-11-05,243,704,822,822
2022-10-08,136,915,1300,1300
2022-08-26,175,1455,1747,1747
2022-12-02,215,410,842,842
2022-12-30,143,684,234,234
2022-02-01,131,934,562,562
2022-11-05,119,97,75,75
2022-01-23,192,68,143,143
2022-08-19,162,1825,1488,1488
2022-11-27,104,1093,163,163
2022-06-14,101,615,456,456
2022-11-27,204,1374,1250,1250
2022-01-26,157,1594,332,332
2022-01-12,215,247,842,842
2022-01-27,205,438,999,999
2022-01-02,109,913,548,548
2022-04-15,191,1759,195,195
2022-07-12,223,1709,1454,1454
2022-12-31,173,779,1972,1972
2022-11-16,180,558,802,802
2022-06-22,244,883,243,243
2022-12-13,213,54,1991,1991
2022-03-01,127,922,1447,1447
2022-10-08,111,1390,1909,1909
2022-06-11,176,938,1357,1357
2022-05-15,198,1846,1055,1055
2022-10-10,173,1555,1972,1972
2022-09-12,158,1100,985,985
2022-01-16,153,1958,938,938
2022-03-17,125,318,806,806
2022-05-17,105,1114,1462,1462
2022-08-22,106,983,1726,1726
2022-12-30,220,338,595,595
2022-04-08,201,826,1309,1309
2022-06-02,173,668,1972,1972
2022-04-26,156,984,69,69
2022-01-14,192,208,143,143
2022-07-02,195,300,425,425
2022-07-05,138,1299,433,433
2022-12-09,119,1486,75,75
2022-01-06,234,961,1117,1117
2022-03-28,229,1630,1879,1879
2022-01-02,138,1716,433,433
2022-02-22,135,59,968,968
2022-01-14,151,61,1784,1784
2022-10-05,249,1903,1791,1791
2022-07-27,135,1669,968,968
2022-06-18,152,928,1303,1303
2022-04-01,124,565,1296,1296
2022-08-11,152,1837,1303,1303
2022-09-07,220,1465,595,595
2022-06-12,168,1397,1780,1780
2022-09-23,195,778,425,425
2022-07-29,217,567,1213,1213
2022-04-08,247,1314,529,529
2022-07-26,250,1040,538,538
2022-07-03,250,871,538,538
2022-01-10,168,186,1780,1780
2022-03-23,234,803,1117,1117
2022-02-22,239,757,1993,1993
2022-07-30,174,1284,1983,1983
2022-11-21,196,1607,739,739
2022-11-26,129,745,1414,1414
2022-09-08,135,335,968,968
2022-09-29,126,1494,1809,1809
2022-05-11,188,170,243,243
2022-04-06,125,1283,806,806
2022-08-14,109,651,548,548
2022-04-16,103,745,1121,1121
2022-07-14,129,567,1414,1414
2022-04-01,188,480,243,243
